name,release_date,MovieSuccessLevel,director,rating_is_G,rating_is_Not Rated,rating_is_PG,rating_is_PG-13,rating_is_R,genre_is_Action,genre_is_Adventure,genre_is_Black Comedy,genre_is_Comedy,genre_is_Concert/Performance,genre_is_Documentary,genre_is_Drama,genre_is_Horror,genre_is_Musical,genre_is_Romantic Comedy,genre_is_Thriller/Suspense,genre_is_Western,month,day,season,is_animation
Recess: School's Out,2001.1260273972603,C,0.694,1,0,0,0,0,0,0,0,1,0,0,0,0,0,0,0,0,2,16,1,0.0
D2: The Mighty Ducks,1994.2328767123288,B,1.822,0,0,1,0,0,0,0,0,1,0,0,0,0,0,0,0,0,3,25,1,0.0
Home on the Range,2004.2520547945205,C,2.787,0,0,1,0,0,0,0,0,1,0,0,0,0,0,0,0,0,4,2,2,1.0
Young Black Stallion,2003.972602739726,D,4.423,1,0,0,0,0,0,1,0,0,0,0,0,0,0,0,0,0,12,25,4,0.0
What's Love Got to Do With It,1993.4356164383562,B,0.636,0,0,0,0,1,0,0,0,0,0,0,1,0,0,0,0,0,6,9,2,0.0
Lady and the Tramp,1955.4712328767123,S,3.011,1,0,0,0,0,0,0,0,0,0,0,1,0,0,0,0,0,6,22,2,1.0
Corky Romano,2001.772602739726,C,0.98,0,0,0,1,0,0,0,0,1,0,0,0,0,0,0,0,0,10,12,4,0.0
The Waterboy,1998.8383561643836,A,3.513,0,0,0,1,0,0,0,0,1,0,0,0,0,0,0,0,0,11,6,4,0.0
Captain America: The Winter Soldier,2014.2575342465752,A,9.566,0,0,0,1,0,1,0,0,0,0,0,0,0,0,0,0,0,4,4,2,0.0
Pirates of the Caribbean: Dead Man’…,2006.5123287671233,S,6.319,0,0,0,1,0,0,1,0,0,0,0,0,0,0,0,0,0,7,7,3,0.0
Ladder 49,2004.7424657534248,B,1.145,0,0,0,1,0,1,0,0,0,0,0,0,0,0,0,0,0,10,1,4,0.0
Coyote Ugly,2000.5863013698631,B,0.6,0,0,0,1,0,0,0,0,0,0,0,1,0,0,0,0,0,8,4,3,0.0
The Sixth Man,1997.2410958904109,C,3.336,0,0,0,1,0,0,0,0,1,0,0,0,0,0,0,0,0,3,28,1,0.0
Dick Tracy,1990.4520547945206,A,12.374,0,0,1,0,0,1,0,0,0,0,0,0,0,0,0,0,0,6,15,2,0.0
Sister Act 2 Back in the Habit,1993.9315068493152,B,15.136,0,0,1,0,0,0,0,0,1,0,0,0,0,0,0,0,0,12,10,4,0.0
DuckTales: The Movie - Treasure of th…,1990.5835616438355,C,3.237,1,0,0,0,0,0,1,0,0,0,0,0,0,0,0,0,0,8,3,3,0.0
Blame it on the Bellboy,1992.1808219178083,D,2.096,0,0,0,1,0,0,0,0,1,0,0,0,0,0,0,0,0,3,6,1,0.0
The Hunchback of Notre Dame,1996.468493150685,B,2.157,1,0,0,0,0,0,1,0,0,0,0,0,0,0,0,0,0,6,21,2,1.0
Ernest Goes to Jail,1990.2630136986302,C,1.887,0,0,1,0,0,0,0,0,1,0,0,0,0,0,0,0,0,4,6,2,0.0
Ant-Man,2015.5397260273974,B,8.06,0,0,0,1,0,1,0,0,0,0,0,0,0,0,0,0,0,7,17,3,0.0
The Shaggy Dog,2006.1917808219177,B,3.525,0,0,1,0,0,0,0,0,1,0,0,0,0,0,0,0,0,3,10,1,0.0
The Life Aquatic with Steve Zissou,2004.9315068493152,C,10.476,0,0,0,0,1,0,0,0,1,0,0,0,0,0,0,0,0,12,10,4,0.0
Bridge to Terabithia,2007.1260273972603,B,3.926,0,0,1,0,0,0,0,0,0,0,0,1,0,0,0,0,0,2,16,1,0.0
Beauty and the Beast,1991.8575342465754,A,2.157,1,0,0,0,0,0,0,0,0,0,0,0,0,1,0,0,0,11,13,4,1.0
Miami Rhapsody,1995.0739726027398,D,3.38,0,0,0,1,0,0,0,0,0,0,0,0,0,0,1,0,0,1,27,1,0.0
A Bug's Life,1998.876712328767,A,5.963,1,0,0,0,0,0,1,0,0,0,0,0,0,0,0,0,0,11,20,4,0.0
3 Men and a Little Lady,1990.8794520547945,B,2.849,0,0,1,0,0,0,0,0,1,0,0,0,0,0,0,0,0,11,21,4,0.0
The Puppet Masters,1994.7972602739726,D,0.613,0,0,0,0,1,0,0,0,0,0,0,0,1,0,0,0,0,10,21,4,0.0
Signs,2002.5808219178082,A,13.806,0,0,0,1,0,0,0,0,0,0,0,0,0,0,0,1,0,8,2,3,0.0
Dead Presidents,1995.7506849315068,C,5.205,0,0,0,0,1,0,0,0,0,0,0,1,0,0,0,0,0,10,4,4,0.0
"McFarland, USA",2015.13698630137,C,3.195,0,0,1,0,0,0,0,0,0,0,0,1,0,0,0,0,0,2,20,1,0.0
George Of The Jungle,1997.5369863013698,B,1.822,0,0,1,0,0,0,0,0,1,0,0,0,0,0,0,0,0,7,16,3,0.0
Bound by Honor,1993.2904109589042,D,6.076,0,0,0,0,1,0,0,0,1,0,0,0,0,0,0,0,0,4,16,2,0.0
The Avengers,2012.3397260273973,S,9.807,0,0,0,1,0,1,0,0,0,0,0,0,0,0,0,0,0,5,4,2,0.0
Ten Things I Hate About You,1999.2493150684932,C,4.225,0,0,0,1,0,0,0,0,0,0,0,0,0,0,1,0,0,3,31,1,0.0
Earth,2009.3068493150686,C,0.6,1,0,0,0,0,0,0,0,0,0,1,0,0,0,0,0,0,4,22,2,0.0
Hello Again,1987.8383561643836,C,1.052,0,0,1,0,0,0,0,0,1,0,0,0,0,0,0,0,0,11,6,4,0.0
When a Man Loves a Woman,1994.3260273972603,B,0.69,0,0,0,0,1,0,0,0,0,0,0,1,0,0,0,0,0,4,29,2,0.0
Unbreakable,2000.8821917808218,B,13.806,0,0,0,1,0,0,0,0,0,0,0,0,0,0,0,1,0,11,22,4,0.0
3 Men and a Baby,1987.890410958904,A,9.372,0,0,1,0,0,0,0,0,1,0,0,0,0,0,0,0,0,11,25,4,0.0
X Games 3D: The Movie,2009.6328767123289,D,0.6,0,0,1,0,0,0,0,0,0,0,1,0,0,0,0,0,0,8,21,3,0.0
Cars 2,2011.4767123287672,A,5.963,1,0,0,0,0,0,1,0,0,0,0,0,0,0,0,0,0,6,24,2,0.0
The Princess Diaries 2: Royal Engagement,2004.6054794520549,B,3.75,1,0,0,0,0,0,0,0,0,0,0,0,0,0,1,0,0,8,11,3,0.0
The Jungle Book 2,2003.1205479452055,C,0.6,1,0,0,0,0,0,1,0,0,0,0,0,0,0,0,0,0,2,14,1,0.0
Aspen Extreme,1993.0602739726028,D,0.758,0,0,0,1,0,0,0,0,0,0,0,0,0,0,1,0,0,1,22,1,0.0
Noises Off...,1992.2191780821918,D,5.579,0,0,0,1,0,0,0,0,1,0,0,0,0,0,0,0,0,3,20,1,0.0
He Got Game,1998.331506849315,C,5.728,0,0,0,0,1,0,0,0,0,0,0,1,0,0,0,0,0,5,1,2,0.0
Bringing Down the House,2003.1835616438357,B,5.991,0,0,0,1,0,0,0,0,1,0,0,0,0,0,0,0,0,3,7,1,0.0
Bon Voyage!,1962.3753424657534,B,1.102,0,1,0,0,0,0,0,0,1,0,0,0,0,0,0,0,0,5,17,2,0.0
Doctor Strange,2016.8328767123287,A,4.686,0,0,0,1,0,0,1,0,0,0,0,0,0,0,0,0,0,11,4,4,0.0
Flubber,1997.8931506849315,B,4.007,0,0,1,0,0,0,0,0,1,0,0,0,0,0,0,0,0,11,26,4,0.0
Roving Mars,2006.0739726027398,D,0.84,1,0,0,0,0,0,0,0,0,0,1,0,0,0,0,0,0,1,27,1,0.0
Captain Ron,1992.7068493150684,C,2.384,0,0,0,1,0,0,0,0,1,0,0,0,0,0,0,0,0,9,18,3,0.0
Shadow Conspiracy,1997.0849315068492,D,5.202,0,0,0,0,1,0,0,0,0,0,0,0,0,0,0,1,0,1,31,1,0.0
Good Morning Vietnam,1987.9671232876713,A,2.815,0,0,0,0,1,0,0,0,1,0,0,0,0,0,0,0,0,12,23,4,0.0
Babes in Toyland,1961.9424657534246,B,1.052,1,0,0,0,0,0,0,0,0,0,0,0,0,1,0,0,0,12,14,4,0.0
An Innocent Man,1989.7561643835616,C,2.105,0,0,0,0,1,0,0,0,0,0,0,1,0,0,0,0,0,10,6,4,0.0
Summer of Sam,1999.4986301369863,C,5.728,0,0,0,0,1,0,0,0,0,0,0,1,0,0,0,0,0,7,2,3,0.0
The Good Dinosaur,2015.890410958904,B,7.581,0,0,1,0,0,0,1,0,0,0,0,0,0,0,0,0,0,11,25,4,0.0
Angels in the Outfield,1994.5342465753424,B,4.585,0,0,1,0,0,0,0,0,1,0,0,0,0,0,0,0,0,7,15,3,0.0
Tough Guys,1986.7479452054795,C,0.84,0,0,1,0,0,0,0,0,1,0,0,0,0,0,0,0,0,10,3,4,0.0
Something Wicked This Way Comes,1983.3260273972603,D,1.446,0,0,1,0,0,0,0,0,0,0,0,0,1,0,0,0,0,4,29,2,0.0
The Rocketeer,1991.468493150685,B,10.842,0,0,1,0,0,1,0,0,0,0,0,0,0,0,0,0,0,6,21,2,0.0
Stakeout,1987.5890410958905,B,2.551,0,0,0,0,1,0,0,0,1,0,0,0,0,0,0,0,0,8,5,3,0.0
National Treasure 2: Book of Secrets,2007.9616438356165,A,5.697,0,0,1,0,0,0,1,0,0,0,0,0,0,0,0,0,0,12,21,4,0.0
Terminal Velocity,1994.7205479452055,C,1.668,0,0,0,1,0,1,0,0,0,0,0,0,0,0,0,0,0,9,23,3,0.0
Apocalypto,2006.9260273972602,C,45.743,0,0,0,0,1,0,1,0,0,0,0,0,0,0,0,0,0,12,8,4,0.0
Invincible,2006.6438356164383,B,1.145,0,0,1,0,0,0,0,0,0,0,0,1,0,0,0,0,0,8,25,3,0.0
25th Hour,2002.9561643835616,D,5.728,0,0,0,0,1,0,0,0,0,0,0,1,0,0,0,0,0,12,19,4,0.0
Mighty Joe Young,1998.972602739726,B,1.533,0,0,1,0,0,0,1,0,0,0,0,0,0,0,0,0,0,12,25,4,0.0
Deceived,1991.731506849315,C,1.111,0,0,0,1,0,0,0,0,0,0,0,0,0,0,0,1,0,9,27,3,0.0
Never Cry Wolf,1983.7589041095891,B,1.22,0,0,1,0,0,0,0,0,0,0,0,1,0,0,0,0,0,10,7,4,0.0
G-Force,2009.558904109589,B,0.981,0,0,1,0,0,0,1,0,0,0,0,0,0,0,0,0,0,7,24,3,0.0
Feast of July,1995.7753424657535,D,1.4,0,0,0,0,1,0,0,0,0,0,0,1,0,0,0,0,0,10,13,4,0.0
The Lookout,2007.2465753424658,D,5.947,0,0,0,0,1,0,0,0,0,0,0,1,0,0,0,0,0,3,30,1,0.0
Cool Runnings,1993.7424657534248,B,5.697,0,0,1,0,0,0,0,0,1,0,0,0,0,0,0,0,0,10,1,4,0.0
Alice Through the Looking Glass,2016.4027397260274,B,3.603,0,0,1,0,0,0,1,0,0,0,0,0,0,0,0,0,0,5,27,2,0.0
The Devil and Max Devlin,1981.0027397260274,C,1.044,0,0,1,0,0,0,0,0,1,0,0,0,0,0,0,0,0,1,1,1,0.0
The Chronicles of Narnia: Prince Caspian,2008.372602739726,B,8.389,0,0,1,0,0,0,1,0,0,0,0,0,0,0,0,0,0,5,16,2,0.0
The Insider,1999.835616438356,C,10.952,0,0,0,0,1,0,0,0,0,0,0,1,0,0,0,0,0,11,5,4,0.0
Camp Nowhere,1994.6465753424657,C,1.42,0,0,1,0,0,0,0,0,1,0,0,0,0,0,0,0,0,8,26,3,0.0
The Rock,1996.4301369863015,A,24.21,0,0,0,0,1,1,0,0,0,0,0,0,0,0,0,0,0,6,7,2,0.0
Green Card,1990.972602739726,C,3.857,0,0,0,1,0,0,0,0,0,0,0,0,0,0,1,0,0,12,25,4,0.0
Real Steel,2011.7589041095891,B,21.85,0,0,0,1,0,1,0,0,0,0,0,0,0,0,0,0,0,10,7,4,0.0
A Kid in King Arthur's Court,1995.6054794520549,C,1.414,0,0,1,0,0,0,1,0,0,0,0,0,0,0,0,0,0,8,11,3,0.0
The Last Flight of Noah’s Ark,1980.4794520547946,C,0.781,0,0,1,0,0,0,0,0,1,0,0,0,0,0,0,0,0,6,25,2,0.0
African Cats,2011.3068493150686,D,1.888,1,0,0,0,0,0,0,0,0,0,1,0,0,0,0,0,0,4,22,2,0.0
Toy Story 3D Double Feature,2009.7452054794521,C,3.237,1,0,0,0,0,0,1,0,0,0,0,0,0,0,0,0,0,10,2,4,0.0
Into the Woods,2014.972602739726,B,2.707,0,0,1,0,0,0,0,0,0,0,0,0,0,1,0,0,0,12,25,4,0.0
Finding Nemo,2003.4109589041095,S,13.918,1,0,0,0,0,0,1,0,0,0,0,0,0,0,0,0,0,5,30,2,0.0
The Good Mother,1988.8328767123287,D,9.372,0,0,1,0,0,0,0,0,0,0,0,1,0,0,0,0,0,11,4,4,0.0
The Hundred-Foot Journey,2014.5972602739726,C,9.398,0,0,1,0,0,0,0,0,0,0,0,0,0,0,1,0,0,8,8,3,0.0
Pearl Harbor,2001.3972602739725,A,24.21,0,0,0,1,0,1,0,0,0,0,0,0,0,0,0,0,0,5,25,2,0.0
Pirates of the Caribbean: At World’…,2007.3945205479451,A,6.319,0,0,0,1,0,0,1,0,0,0,0,0,0,0,0,0,0,5,24,2,0.0
Color of Night,1994.627397260274,C,0.6,0,0,0,0,1,0,0,0,0,0,0,0,0,0,0,1,0,8,19,3,0.0
Romy and Michele's High School Reunion,1997.3150684931506,C,0.872,0,0,0,0,1,0,0,0,1,0,0,0,0,0,0,0,0,4,25,2,0.0
Cheetah,1989.6246575342466,D,1.38,0,0,1,0,0,0,1,0,0,0,0,0,0,0,0,0,0,8,18,3,0.0
Jack,1996.6,B,9.291,0,0,0,1,0,0,0,0,0,0,0,1,0,0,0,0,0,8,9,3,0.0
Monsters University,2013.468493150685,A,1.904,1,0,0,0,0,0,1,0,0,0,0,0,0,0,0,0,0,6,21,2,0.0
The Fifth Estate,2013.7890410958903,D,3.842,0,0,0,0,1,0,0,0,0,0,0,1,0,0,0,0,0,10,18,4,0.0
Before and After,1996.145205479452,D,1.729,0,0,0,1,0,0,0,0,0,0,0,1,0,0,0,0,0,2,23,1,0.0
Moonlight Mile,2002.731506849315,D,2.559,0,0,0,1,0,0,0,0,0,0,0,1,0,0,0,0,0,9,27,3,0.0
A Stranger Among Us,1992.5397260273974,C,4.261,0,0,0,1,0,0,0,0,0,0,0,1,0,0,0,0,0,7,17,3,0.0
The Lizzie McGuire Movie,2003.3342465753424,C,1.4,0,0,1,0,0,0,0,0,1,0,0,0,0,0,0,0,0,5,2,2,0.0
Krippendorf's Tribe,1998.1561643835616,D,1.047,0,0,0,1,0,0,0,0,1,0,0,0,0,0,0,0,0,2,27,1,0.0
crazy/beautiful,2001.490410958904,C,9.759,0,0,0,1,0,0,0,0,0,0,0,1,0,0,0,0,0,6,29,2,0.0
Adventures in Babysitting,1987.5013698630137,B,15.365,0,0,1,0,0,0,0,0,1,0,0,0,0,0,0,0,0,7,3,3,0.0
The Game Plan,2007.717808219178,B,3.237,0,0,1,0,0,0,0,0,1,0,0,0,0,0,0,0,0,9,22,3,0.0
Splash,1984.1890410958904,B,15.712,0,0,1,0,0,0,0,0,1,0,0,0,0,0,0,0,0,3,9,1,0.0
Who Framed Roger Rabbit?,1988.4712328767123,A,11.418,0,0,1,0,0,0,0,0,1,0,0,0,0,0,0,0,0,6,22,2,0.0
The Light Between Oceans,2016.66301369863,D,0.695,0,0,0,1,0,0,0,0,0,0,0,1,0,0,0,0,0,9,2,3,0.0
The Guardian,2006.7369863013698,B,2.549,0,0,0,1,0,1,0,0,0,0,0,0,0,0,0,0,0,9,29,3,0.0
The Sword in the Stone,1963.972602739726,B,4.607,0,0,1,0,0,0,1,0,0,0,0,0,0,0,0,0,0,12,25,4,1.0
Mr. Holland's Opus,1995.9835616438356,B,1.578,0,0,1,0,0,0,0,0,0,0,0,1,0,0,0,0,0,12,29,4,0.0
The Rescuers Down Under,1990.8657534246574,C,1.566,1,0,0,0,0,0,1,0,0,0,0,0,0,0,0,0,0,11,16,4,1.0
The Preacher's Wife,1996.9397260273972,B,3.078,0,0,1,0,0,0,0,0,0,0,0,1,0,0,0,0,0,12,13,4,0.0
Sarafina!,1992.7068493150684,D,1.796,0,0,0,1,0,0,0,0,0,0,0,1,0,0,0,0,0,9,18,3,0.0
Trenchcoat,1983.194520547945,D,0.6,0,0,1,0,0,0,0,0,1,0,0,0,0,0,0,0,0,3,11,1,0.0
Confessions of a Teenage Drama Queen,2004.13698630137,C,3.72,0,0,1,0,0,0,0,0,1,0,0,0,0,0,0,0,0,2,20,1,0.0
Around the World in 80 Days,2004.454794520548,C,3.513,0,0,1,0,0,0,1,0,0,0,0,0,0,0,0,0,0,6,16,2,0.0
Blaze,1989.9397260273972,C,4.339,0,0,0,0,1,0,0,0,0,0,0,1,0,0,0,0,0,12,13,4,0.0
Toy Story,1995.8821917808218,A,5.963,1,0,0,0,0,0,1,0,0,0,0,0,0,0,0,0,0,11,22,4,0.0
Prince of Persia: Sands of Time,2010.4054794520548,B,7.015,0,0,0,1,0,1,0,0,0,0,0,0,0,0,0,0,0,5,28,2,0.0
Eddie,1996.4136986301369,C,1.736,0,0,0,1,0,0,0,0,1,0,0,0,0,0,0,0,0,5,31,2,0.0
White Fang 2: Myth of the White Wolf,1994.2876712328766,D,3.372,0,0,1,0,0,0,1,0,0,0,0,0,0,0,0,0,0,4,15,2,0.0
White Squall,1996.0876712328768,D,11.154,0,0,0,1,0,0,1,0,0,0,0,0,0,0,0,0,0,2,2,1,0.0
The Invisible,2007.3205479452056,C,7.047,0,0,0,1,0,0,0,0,0,0,0,0,0,0,0,1,0,4,27,2,0.0
Guilty as Sin,1993.4219178082192,C,4.261,0,0,0,0,1,0,0,0,0,0,0,0,0,0,0,1,0,6,4,2,0.0
Operation Dumbo Drop,1995.5698630136985,C,4.423,0,0,1,0,0,0,1,0,0,0,0,0,0,0,0,0,0,7,28,3,0.0
Ghosts of the Abyss,2003.2767123287672,C,19.242,1,0,0,0,0,0,0,0,0,0,1,0,0,0,0,0,0,4,11,2,0.0
Scenes from a Mall,1991.1424657534246,D,3.642,0,0,1,0,0,0,0,0,1,0,0,0,0,0,0,0,0,2,22,1,0.0
The BFG,2016.495890410959,C,35.554,0,0,1,0,0,0,1,0,0,0,0,0,0,0,0,0,0,7,1,3,0.0
Tron,1982.517808219178,B,0.69,0,0,1,0,0,1,0,0,0,0,0,0,0,0,0,0,0,7,9,3,0.0
Firelight,1998.668493150685,D,2.317,0,0,0,0,1,0,0,0,0,0,0,1,0,0,0,0,0,9,4,3,0.0
Delivery Man,2013.8821917808218,C,0.732,0,0,0,1,0,0,0,0,1,0,0,0,0,0,0,0,0,11,22,4,0.0
New York Stories,1989.1671232876713,C,9.291,0,0,1,0,0,0,0,0,0,0,0,1,0,0,0,0,0,3,1,1,0.0
Disorganized Crime,1989.2849315068493,D,2.216,0,0,1,0,0,0,0,0,1,0,0,0,0,0,0,0,0,4,14,2,0.0
Tom and Huck,1995.964383561644,C,3.305,0,0,1,0,0,0,1,0,0,0,0,0,0,0,0,0,0,12,22,4,0.0
Keeping the Faith,2000.2849315068493,C,40.007,0,0,0,1,0,0,0,0,0,0,0,0,0,0,1,0,0,4,14,2,0.0
Grosse Pointe Blank,1997.2767123287672,C,1.4,0,0,0,0,1,0,0,1,0,0,0,0,0,0,0,0,0,4,11,2,0.0
Indian Summer,1993.309589041096,C,3.007,0,0,0,0,1,0,0,0,1,0,0,0,0,0,0,0,0,4,23,2,0.0
The Princess and the Frog,2009.890410958904,B,4.367,1,0,0,0,0,0,1,0,0,0,0,0,0,0,0,0,0,11,25,4,1.0
Billy Bathgate,1991.8246575342466,C,4.021,0,0,0,0,1,0,0,0,0,0,0,1,0,0,0,0,0,11,1,4,0.0
3 Ninjas Kick Back,1994.345205479452,C,2.146,0,0,1,0,0,1,0,0,0,0,0,0,0,0,0,0,0,5,6,2,0.0
My Boyfriend's Back,1993.5917808219178,D,9.259,0,0,0,1,0,0,0,0,1,0,0,0,0,0,0,0,0,8,6,3,0.0
Goal! The Dream Begins,2006.3616438356164,D,3.237,0,0,1,0,0,0,0,0,0,0,0,1,0,0,0,0,0,5,12,2,0.0
Country,1984.7369863013698,C,1.228,0,0,1,0,0,0,0,0,0,0,0,1,0,0,0,0,0,9,29,3,0.0
Big Trouble,2002.2602739726028,D,10.903,0,0,0,1,0,0,0,0,1,0,0,0,0,0,0,0,0,4,5,2,0.0
People Like Us,2012.490410958904,D,4.231,0,0,0,1,0,0,0,0,0,0,0,1,0,0,0,0,0,6,29,2,0.0
Mars Needs Moms,2011.194520547945,C,1.642,0,0,1,0,0,0,1,0,0,0,0,0,0,0,0,0,0,3,11,1,0.0
Angie,1994.1753424657534,D,4.158,0,0,0,0,1,0,0,0,1,0,0,0,0,0,0,0,0,3,4,1,0.0
Deuce Bigalow: Male Gigolo,1999.9315068493152,B,5.355,0,0,0,0,1,0,0,0,1,0,0,0,0,0,0,0,0,12,10,4,0.0
Veronica Guerin,2003.786301369863,D,3.454,0,0,0,0,1,0,0,0,0,0,0,1,0,0,0,0,0,10,17,4,0.0
Max Keeble's Big Move,2001.7534246575342,C,3.849,0,0,1,0,0,0,0,0,1,0,0,0,0,0,0,0,0,10,5,4,0.0
The Scarlet Letter,1995.7753424657535,C,2.599,0,0,0,0,1,0,0,0,0,0,0,1,0,0,0,0,0,10,13,4,0.0
D3: The Mighty Ducks,1996.7506849315068,C,1.905,0,0,1,0,0,0,0,0,1,0,0,0,0,0,0,0,0,10,4,4,0.0
Up,2009.4082191780822,A,8.305,0,0,1,0,0,0,1,0,0,0,0,0,0,0,0,0,0,5,29,2,0.0
Alive,1993.041095890411,B,4.799,0,0,0,0,1,0,1,0,0,0,0,0,0,0,0,0,0,1,15,1,0.0
Can't Buy Me Love,1987.613698630137,C,1.736,0,0,1,0,0,0,0,0,0,0,0,0,0,0,1,0,0,8,14,3,0.0
The Hoax,2007.2630136986302,D,0.6,0,0,0,0,1,0,0,0,0,0,0,1,0,0,0,0,0,4,6,2,0.0
Fantasia,1940.8575342465754,S,2.09,1,0,0,0,0,0,0,0,0,0,0,0,0,1,0,0,0,11,13,4,1.0
Crimson Tide,1995.3616438356164,B,10.707,0,0,0,0,1,1,0,0,0,0,0,0,0,0,0,0,0,5,12,2,0.0
Ransom,1996.8438356164384,A,15.712,0,0,0,0,1,1,0,0,0,0,0,0,0,0,0,0,0,11,8,4,0.0
Pretty Woman,1990.227397260274,A,3.75,0,0,0,0,1,0,0,0,0,0,0,0,0,0,1,0,0,3,23,1,0.0
Inspector Gadget,1999.5561643835617,B,0.751,0,0,1,0,0,0,0,0,1,0,0,0,0,0,0,0,0,7,23,3,0.0
Winnie the Pooh,2011.5342465753424,C,2.437,1,0,0,0,0,0,1,0,0,0,0,0,0,0,0,0,0,7,15,3,0.0
The Tigger Movie,2000.1123287671232,B,1.531,1,0,0,0,0,0,1,0,0,0,0,0,0,0,0,0,0,2,11,1,0.0
Heavy Weights,1995.1287671232876,C,4.209,0,0,1,0,0,0,0,0,1,0,0,0,0,0,0,0,0,2,17,1,0.0
What About Bob?,1991.3753424657534,B,5.979,0,0,1,0,0,0,0,0,1,0,0,0,0,0,0,0,0,5,17,2,0.0
Condorman,1981.5945205479452,D,0.781,0,0,1,0,0,1,0,0,0,0,0,0,0,0,0,0,0,8,7,3,0.0
The Haunted Mansion,2003.8931506849315,B,5.05,0,0,1,0,0,0,0,0,1,0,0,0,0,0,0,0,0,11,26,4,0.0
The Hitchhiker's Guide to the Galaxy,2005.3260273972603,C,10.298,0,0,1,0,0,0,0,0,1,0,0,0,0,0,0,0,0,4,29,2,0.0
Bedknobs and Broomsticks,1971.7589041095891,B,2.017,0,0,1,0,0,0,0,0,0,0,0,0,0,1,0,0,0,10,7,4,1.0
Pooh's Heffalump Movie,2005.1123287671232,C,3.375,1,0,0,0,0,0,1,0,0,0,0,0,0,0,0,0,0,2,11,1,1.0
Open Range,2003.6164383561643,B,82.398,0,0,0,0,1,0,0,0,0,0,0,0,0,0,0,0,1,8,15,3,0.0
D.O.A.,1988.213698630137,C,1.328,0,0,1,0,0,0,0,0,0,0,0,0,0,0,0,1,0,3,18,1,0.0
Meet the Deedles,1998.2383561643835,D,1.559,0,0,1,0,0,0,0,0,1,0,0,0,0,0,0,0,0,3,27,1,0.0
A Beautiful Planet,2016.3260273972603,D,0.652,1,0,0,0,0,0,0,0,0,0,1,0,0,0,0,0,0,4,29,2,0.0
Sister Act,1992.4082191780822,A,2.849,0,0,1,0,0,0,0,0,1,0,0,0,0,0,0,0,0,5,29,2,0.0
Strange Magic,2015.0630136986301,D,1.298,0,0,1,0,0,0,1,0,0,0,0,0,0,0,0,0,0,1,23,1,0.0
The Many Adventures of Winnie the Pooh,1977.194520547945,D,4.607,0,0,1,0,0,0,0,0,1,0,0,0,0,0,0,0,0,3,11,1,0.0
Quiz Show,1994.695890410959,C,14.97,0,0,0,1,0,0,0,0,0,0,0,1,0,0,0,0,0,9,14,3,0.0
While You Were Sleeping,1995.304109589041,B,5.697,0,0,1,0,0,0,0,0,0,0,0,0,0,0,1,0,0,4,21,2,0.0
Bedtime Stories,2008.972602739726,B,5.991,0,0,1,0,0,0,0,0,1,0,0,0,0,0,0,0,0,12,25,4,0.0
"The Chronicles of Narnia: The Lion, t…",2005.9287671232876,A,3.237,0,0,1,0,0,0,1,0,0,0,0,0,0,0,0,0,0,12,9,4,0.0
Instinct,1999.4219178082192,C,5.697,0,0,0,0,1,0,0,0,0,0,0,1,0,0,0,0,0,6,4,2,0.0
Step Up,2006.6054794520549,B,3.996,0,0,0,1,0,0,0,0,0,0,0,1,0,0,0,0,0,8,11,3,0.0
G.I. Jane,1997.6356164383562,B,11.154,0,0,0,0,1,0,0,0,0,0,0,1,0,0,0,0,0,8,22,3,0.0
Oscar,1991.317808219178,C,7.69,0,0,1,0,0,0,0,0,1,0,0,0,0,0,0,0,0,4,26,2,0.0
The Parent Trap,1998.572602739726,B,3.975,0,0,1,0,0,0,0,0,1,0,0,0,0,0,0,0,0,7,29,3,0.0
Primeval,2007.0328767123287,D,0.833,0,0,0,0,1,0,1,0,0,0,0,0,0,0,0,0,0,1,12,1,0.0
The Lone Ranger,2013.4986301369863,B,6.319,0,0,0,1,0,0,0,0,0,0,0,0,0,0,0,0,1,7,2,3,0.0
"Monsters, Inc.",2001.827397260274,A,8.305,1,0,0,0,0,0,1,0,0,0,0,0,0,0,0,0,0,11,2,4,0.0
Reign of Fire,2002.1342465753426,C,1.667,0,0,0,1,0,1,0,0,0,0,0,0,0,0,0,0,0,2,19,1,0.0
Running Brave,1983.8328767123287,D,0.6,0,0,1,0,0,0,0,0,0,0,0,1,0,0,0,0,0,11,4,4,0.0
Dinosaur,2000.3808219178081,A,1.271,0,0,1,0,0,0,1,0,0,0,0,0,0,0,0,0,0,5,19,2,1.0
Rushmore,1998.9342465753425,C,10.476,0,0,0,0,1,0,0,1,0,0,0,0,0,0,0,0,0,12,11,4,0.0
Freaky Friday,1977.0575342465754,B,3.237,0,0,1,0,0,0,0,0,1,0,0,0,0,0,0,0,0,1,21,1,0.0
The 13th Warrior,1999.6493150684933,C,7.105,0,0,0,0,1,1,0,0,0,0,0,0,0,0,0,0,0,8,27,3,0.0
Brave,2012.4712328767123,A,1.702,0,0,1,0,0,0,1,0,0,0,0,0,0,0,0,0,0,6,22,2,0.0
Eight Below,2006.1287671232876,B,4.799,0,0,1,0,0,0,1,0,0,0,0,0,0,0,0,0,0,2,17,1,0.0
Gake no ue no Ponyo,2009.613698630137,D,3.237,1,0,0,0,0,0,1,0,0,0,0,0,0,0,0,0,0,8,14,3,0.0
Queen of Katwe,2016.7205479452055,D,3.42,0,0,1,0,0,0,0,0,0,0,0,1,0,0,0,0,0,9,23,3,0.0
Straight Talk,1992.2547945205479,C,1.179,0,0,1,0,0,0,0,0,1,0,0,0,0,0,0,0,0,4,3,2,0.0
Holy Man,1998.7643835616439,C,1.578,0,0,1,0,0,0,0,0,1,0,0,0,0,0,0,0,0,10,9,4,0.0
The Sorcerer's Apprentice,2010.531506849315,C,5.697,0,0,1,0,0,0,1,0,0,0,0,0,0,0,0,0,0,7,14,3,0.0
Stella,1990.0876712328768,C,1.22,0,0,0,1,0,0,0,0,0,0,0,1,0,0,0,0,0,2,2,1,0.0
An American Werewolf in Paris,1997.972602739726,C,2.152,0,0,0,0,1,0,0,0,0,0,0,0,1,0,0,0,0,12,25,4,0.0
The Mighty Ducks,1992.7452054794521,B,1.578,0,0,1,0,0,0,0,0,1,0,0,0,0,0,0,0,0,10,2,4,0.0
Tall Tale,1995.2301369863014,D,1.136,0,0,1,0,0,0,0,0,0,0,0,0,0,0,0,0,1,3,24,1,0.0
Tangled,2010.8876712328768,A,5.956,0,0,1,0,0,0,1,0,0,0,0,0,0,0,0,0,0,11,24,4,1.0
Ed Wood,1994.7397260273972,D,11.267,0,0,0,0,1,0,0,0,1,0,0,0,0,0,0,0,0,9,30,3,0.0
The Jerky Boys,1995.0904109589042,D,0.61,0,0,0,0,1,0,0,0,1,0,0,0,0,0,0,0,0,2,3,1,0.0
The Rich Man's Wife,1996.6931506849314,D,2.047,0,0,0,0,1,0,0,0,0,0,0,0,0,0,0,1,0,9,13,3,0.0
"20,000 Leagues Under the Sea",1954.9671232876713,S,1.4,0,0,1,0,0,0,1,0,0,0,0,0,0,0,0,0,0,12,23,4,0.0
Super Mario Bros.,1993.4054794520548,C,1.328,0,0,1,0,0,1,0,0,0,0,0,0,0,0,0,0,0,5,28,2,0.0
The Proposal,2009.4630136986302,B,3.996,0,0,0,1,0,0,0,0,0,0,0,0,0,0,1,0,0,6,19,2,0.0
Race to Witch Mountain,2009.2,B,3.237,0,0,1,0,0,0,1,0,0,0,0,0,0,0,0,0,0,3,13,1,0.0
The Adventures of Huck Finn,1993.2520547945205,C,4.889,0,0,1,0,0,0,1,0,0,0,0,0,0,0,0,0,0,4,2,2,0.0
Jefferson in Paris,1995.2493150684932,D,3.223,0,0,0,1,0,0,0,0,0,0,0,1,0,0,0,0,0,3,31,1,0.0
The Jungle Book,2016.2876712328766,A,26.223,0,0,1,0,0,0,1,0,0,0,0,0,0,0,0,0,0,4,15,2,0.0
Sky High,2005.572602739726,B,5.355,0,0,1,0,0,0,1,0,0,0,0,0,0,0,0,0,0,7,29,3,0.0
Toy Story 2,1999.8739726027397,A,5.963,1,0,0,0,0,0,1,0,0,0,0,0,0,0,0,0,0,11,19,4,0.0
The Rescuers,1977.4712328767123,B,4.607,0,0,1,0,0,0,1,0,0,0,0,0,0,0,0,0,0,6,22,2,1.0
Remember the Titans,2000.7369863013698,B,6.176,0,0,1,0,0,0,0,0,0,0,0,1,0,0,0,0,0,9,29,3,0.0
A Lot Like Love,2005.3068493150686,C,0.6,0,0,0,1,0,0,0,0,1,0,0,0,0,0,0,0,0,4,22,2,0.0
3 Ninjas,1992.5945205479452,C,5.697,0,0,1,0,0,1,0,0,0,0,0,0,0,0,0,0,0,8,7,3,0.0
Flight of the Navigator,1986.5753424657535,C,1.87,0,0,1,0,0,0,1,0,0,0,0,0,0,0,0,0,0,7,30,3,0.0
America's Heart and Soul,2004.4986301369863,D,0.6,0,1,0,0,0,0,0,0,0,0,1,0,0,0,0,0,0,7,2,3,0.0
Swing Vote,2008.5780821917808,D,1.4,0,0,0,1,0,0,0,0,1,0,0,0,0,0,0,0,0,8,1,3,0.0
The Straight Story,1999.7808219178082,D,17.35,1,0,0,0,0,0,0,0,0,0,0,1,0,0,0,0,0,10,15,4,0.0
The Kid,2000.5123287671233,B,5.697,0,0,1,0,0,0,0,0,1,0,0,0,0,0,0,0,0,7,7,3,0.0
Enchanted,2007.8794520547945,B,2.764,0,0,1,0,0,0,0,0,0,0,0,0,0,0,1,0,0,11,21,4,1.0
Zootopia,2016.1753424657534,A,5.956,0,0,1,0,0,0,1,0,0,0,0,0,0,0,0,0,0,3,4,1,1.0
I'll Be Home For Christmas,1998.8575342465754,C,0.988,0,0,1,0,0,0,0,0,1,0,0,0,0,0,0,0,0,11,13,4,0.0
The War at Home,1996.876712328767,D,21.371,0,0,0,0,1,0,0,0,1,0,0,0,0,0,0,0,0,11,20,4,0.0
Peter Pan: Return to Neverland,2002.123287671233,B,0.622,1,0,0,0,0,0,1,0,0,0,0,0,0,0,0,0,0,2,15,1,0.0
Ratatouille,2007.490410958904,A,12.541,1,0,0,0,0,0,0,0,1,0,0,0,0,0,0,0,0,6,29,2,0.0
Secretariat,2010.7616438356165,C,3.387,0,0,1,0,0,0,0,0,0,0,0,1,0,0,0,0,0,10,8,4,0.0
Medicine Man,1992.1013698630136,B,7.105,0,0,0,1,0,0,0,0,0,0,0,1,0,0,0,0,0,2,7,1,0.0
A Thousand Acres,1997.7095890410958,D,1.584,0,0,0,0,1,0,0,0,0,0,0,1,0,0,0,0,0,9,19,3,0.0
Mission to Mars,2000.1917808219177,B,6.965,0,0,1,0,0,0,1,0,0,0,0,0,0,0,0,0,0,3,10,1,0.0
Brother Bear,2003.805479452055,B,1.553,1,0,0,0,0,0,1,0,0,0,0,0,0,0,0,0,0,10,24,4,1.0
Snow White and the Seven Dwarfs,1937.9616438356165,S,2.09,1,0,0,0,0,0,0,0,0,0,0,0,0,1,0,0,0,12,21,4,1.0
Toy Story 3,2010.4602739726026,A,3.893,1,0,0,0,0,0,1,0,0,0,0,0,0,0,0,0,0,6,18,2,0.0
Miracle,2004.0986301369862,B,3.104,0,0,1,0,0,0,0,0,0,0,0,1,0,0,0,0,0,2,6,1,0.0
My Favorite Martian,1999.1150684931506,C,2.308,0,0,1,0,0,0,0,0,1,0,0,0,0,0,0,0,0,2,12,1,0.0
Benji the Hunted,1987.4246575342465,C,0.648,0,0,1,0,0,0,1,0,0,0,0,0,0,0,0,0,0,6,5,2,0.0
A Far Off Place,1993.1972602739727,C,1.615,0,0,1,0,0,0,1,0,0,0,0,0,0,0,0,0,0,3,12,1,0.0
Old Dogs,2009.890410958904,C,1.4,0,0,1,0,0,0,0,0,1,0,0,0,0,0,0,0,0,11,25,4,0.0
Alice in Wonderland,2010.1780821917807,A,11.267,0,0,1,0,0,0,1,0,0,0,0,0,0,0,0,0,0,3,5,1,1.0
The Little Mermaid,1989.86301369863,A,4.367,1,0,0,0,0,0,1,0,0,0,0,0,0,0,0,0,0,11,15,4,1.0
Stick It,2006.323287671233,C,1.007,0,0,0,1,0,0,0,0,1,0,0,0,0,0,0,0,0,4,28,2,0.0
Funny Bones,1995.2493150684932,D,1.914,0,0,0,0,1,0,0,0,1,0,0,0,0,0,0,0,0,3,31,1,0.0
Cars,2006.4356164383562,A,5.963,1,0,0,0,0,0,0,0,1,0,0,0,0,0,0,0,0,6,9,2,0.0
Bicentennial Man,1999.9506849315069,B,15.365,0,0,1,0,0,0,0,0,0,0,0,1,0,0,0,0,0,12,17,4,0.0
Chimpanzee,2012.3013698630136,C,1.888,1,0,0,0,0,0,0,0,0,0,1,0,0,0,0,0,0,4,20,2,0.0
The Apple Dumpling Gang,1975.495890410959,B,3.345,0,0,1,0,0,0,0,0,1,0,0,0,0,0,0,0,0,7,1,3,0.0
The Other Sister,1999.1534246575343,C,3.75,0,0,0,1,0,0,0,0,0,0,0,0,0,0,1,0,0,2,26,1,0.0
A Simple Twist of Fate,1994.66301369863,D,0.972,0,0,0,1,0,0,0,0,0,0,0,1,0,0,0,0,0,9,2,3,0.0
Where the Heart Is,1990.145205479452,D,3.425,0,0,1,0,0,0,0,0,1,0,0,0,0,0,0,0,0,2,23,1,0.0
Kaze Tachinu,2013.8438356164384,D,10.348,0,0,0,1,0,0,0,0,0,0,0,1,0,0,0,0,0,11,8,4,0.0
Off Beat,1986.2767123287672,D,0.694,0,0,1,0,0,0,0,0,1,0,0,0,0,0,0,0,0,4,11,2,0.0
The Greatest Game Ever Played,2005.7397260273972,C,29.974,0,0,1,0,0,0,0,0,0,0,0,1,0,0,0,0,0,9,30,3,0.0
The Three Musketeers,1993.854794520548,B,1.578,0,0,1,0,0,0,1,0,0,0,0,0,0,0,0,0,0,11,12,4,0.0
A Civil Action,1998.972602739726,B,5.165,0,0,0,1,0,0,0,0,0,0,0,1,0,0,0,0,0,12,25,4,0.0
Walt and El Grupo,2009.6849315068494,D,3.237,0,0,1,0,0,0,0,0,0,0,1,0,0,0,0,0,0,9,10,3,0.0
Powder,1995.813698630137,C,3.316,0,0,0,1,0,0,0,0,0,0,0,1,0,0,0,0,0,10,27,4,0.0
1492: Conquest of Paradise,1992.7643835616439,D,11.154,0,0,0,1,0,0,1,0,0,0,0,0,0,0,0,0,0,10,9,4,0.0
The Cemetery Club,1993.0904109589042,D,15.136,0,0,0,1,0,0,0,0,1,0,0,0,0,0,0,0,0,2,3,1,0.0
Stay Alive,2006.2301369863014,C,2.468,0,0,0,1,0,0,0,0,0,0,0,0,1,0,0,0,0,3,24,1,0.0
That Darn Cat,1997.1205479452055,C,0.63,0,0,1,0,0,0,0,0,1,0,0,0,0,0,0,0,0,2,14,1,0.0
The Muppet Christmas Carol,1992.9342465753425,C,5.629,1,0,0,0,0,0,0,0,1,0,0,0,0,0,0,0,0,12,11,4,0.0
Step Up 2 the Streets,2008.1205479452055,C,2.218,0,0,0,1,0,0,0,0,0,0,0,1,0,0,0,0,0,2,14,1,0.0
Fantasia 2000 (Theatrical Release),2000.454794520548,D,3.237,1,0,0,0,0,0,0,0,0,0,0,0,0,1,0,0,0,6,16,2,0.0
The Santa Clause 2,2002.8246575342466,A,4.129,1,0,0,0,0,0,0,0,1,0,0,0,0,0,0,0,0,11,1,4,0.0
The Recruit,2003.0849315068492,B,3.117,0,0,0,1,0,0,0,0,0,0,0,0,0,0,0,1,0,1,31,1,0.0
Money for Nothing,1993.6849315068494,D,0.93,0,0,0,0,1,0,0,0,1,0,0,0,0,0,0,0,0,9,10,3,0.0
Bad Company,1995.054794520548,D,1.111,0,0,0,0,1,0,0,0,0,0,0,0,0,0,0,1,0,1,20,1,0.0
I Love Trouble,1994.490410958904,C,3.36,0,0,1,0,0,0,0,0,0,0,0,0,0,0,1,0,0,6,29,2,0.0
The Absent Minded Professor,1961.2082191780821,A,2.017,0,0,1,0,0,0,0,0,1,0,0,0,0,0,0,0,0,3,16,1,0.0
Jungle 2 Jungle,1997.1835616438357,B,5.383,0,0,1,0,0,0,0,0,1,0,0,0,0,0,0,0,0,3,7,1,0.0
Tex,1982.8739726027397,C,0.6,0,0,1,0,0,0,0,0,0,0,0,1,0,0,0,0,0,11,19,4,0.0
Life With Mikey,1993.4219178082192,C,1.4,0,0,1,0,0,0,0,0,1,0,0,0,0,0,0,0,0,6,4,2,0.0
Gone Fishin',1997.4109589041095,C,2.043,0,0,1,0,0,0,0,0,1,0,0,0,0,0,0,0,0,5,30,2,0.0
Rogue One: A Star Wars Story,2016.9479452054795,S,0.908,0,0,0,1,0,0,1,0,0,0,0,0,0,0,0,0,0,12,16,4,0.0
The Marrying Man,1991.2602739726028,C,1.62,0,0,0,0,1,0,0,0,0,0,0,0,0,0,1,0,0,4,5,2,0.0
Bubble Boy,2001.641095890411,D,1.259,0,0,0,1,0,0,0,0,1,0,0,0,0,0,0,0,0,8,24,3,0.0
Baby: Secret of the Lost Legend,1985.2246575342465,C,1.534,0,0,1,0,0,0,1,0,0,0,0,0,0,0,0,0,0,3,22,1,0.0
The Fox and the Hound,1981.5205479452054,B,1.571,0,0,1,0,0,0,0,0,1,0,0,0,0,0,0,0,0,7,10,3,1.0
High Heels and Low Lifes,2001.8109589041096,D,3.432,0,0,0,0,1,0,0,0,1,0,0,0,0,0,0,0,0,10,26,4,0.0
The Tie That Binds,1995.6794520547944,D,2.1,0,0,0,0,1,0,0,0,0,0,0,0,0,0,0,1,0,9,8,3,0.0
John Carter,2012.1890410958904,B,13.918,0,0,0,1,0,0,1,0,0,0,0,0,0,0,0,0,0,3,9,1,0.0
Blank Check,1994.1123287671232,C,2.26,0,0,1,0,0,0,0,0,1,0,0,0,0,0,0,0,0,2,11,1,0.0
Guardians of the Galaxy,2014.5780821917808,A,24.097,0,0,0,1,0,0,1,0,0,0,0,0,0,0,0,0,0,8,1,3,0.0
Star Wars Ep. VII: The Force Awakens,2015.9534246575342,S,3.237,0,0,0,1,0,0,1,0,0,0,0,0,0,0,0,0,0,12,18,4,0.0
A Goofy Movie,1995.2657534246575,C,2.764,1,0,0,0,0,0,0,0,1,0,0,0,0,0,0,0,0,4,7,2,1.0
Hocus Pocus,1993.5369863013698,B,7.263,0,0,1,0,0,0,0,0,1,0,0,0,0,0,0,0,0,7,16,3,0.0
Pete’s Dragon,2016.6082191780822,B,7.428,0,0,1,0,0,0,1,0,0,0,0,0,0,0,0,0,0,8,12,3,0.0
Night Crossing,1982.0958904109589,D,4.441,0,0,1,0,0,0,0,0,0,0,0,1,0,0,0,0,0,2,5,1,0.0
Lilo & Stitch,2002.468493150685,A,9.204,0,0,1,0,0,0,1,0,0,0,0,0,0,0,0,0,0,6,21,2,1.0
Metro,1997.0465753424658,C,3.485,0,0,0,0,1,1,0,0,0,0,0,0,0,0,0,0,0,1,17,1,0.0
National Treasure,2004.8739726027397,A,5.697,0,0,1,0,0,0,1,0,0,0,0,0,0,0,0,0,0,11,19,4,0.0
Shanghai Noon,2000.4,B,1.4,0,0,0,1,0,0,0,0,0,0,0,0,0,0,0,0,1,5,26,2,0.0
Dangerous Minds,1995.6054794520549,B,1.788,0,0,0,0,1,0,0,0,0,0,0,1,0,0,0,0,0,8,11,3,0.0
The Distinguished Gentleman,1992.9150684931508,B,2.343,0,0,0,0,1,0,0,0,1,0,0,0,0,0,0,0,0,12,4,4,0.0
The Secret World of Arietty,2012.1287671232876,C,3.237,1,0,0,0,0,0,1,0,0,0,0,0,0,0,0,0,0,2,17,1,0.0
The Princess Diaries,2001.5835616438355,B,3.75,1,0,0,0,0,0,0,0,1,0,0,0,0,0,0,0,0,8,3,3,0.0
Step Up 3D,2010.5917808219178,C,2.218,0,0,0,1,0,0,0,0,0,0,0,1,0,0,0,0,0,8,6,3,0.0
Underdog,2007.5835616438355,C,0.648,0,0,1,0,0,0,1,0,0,0,0,0,0,0,0,0,0,8,3,3,0.0
Red Rock West,1994.0767123287671,D,3.237,0,0,0,0,1,0,0,0,1,0,0,0,0,0,0,0,0,1,28,1,0.0
Captain America: Civil War,2016.345205479452,A,9.566,0,0,0,1,0,1,0,0,0,0,0,0,0,0,0,0,0,5,6,2,0.0
Mr. Wrong,1996.1260273972603,C,10.367,0,0,0,1,0,0,0,0,0,0,0,0,0,0,1,0,0,2,16,1,0.0
Nixon,1995.958904109589,C,5.583,0,0,0,0,1,0,0,0,0,0,0,1,0,0,0,0,0,12,20,4,0.0
The Ref,1994.1890410958904,C,3.175,0,0,0,0,1,0,0,0,1,0,0,0,0,0,0,0,0,3,9,1,0.0
The Santa Clause 3: The Escape Clause,2006.8301369863013,B,4.129,1,0,0,0,0,0,0,0,1,0,0,0,0,0,0,0,0,11,3,4,0.0
Ice Princess,2005.213698630137,C,2.223,1,0,0,0,0,0,0,0,1,0,0,0,0,0,0,0,0,3,18,1,0.0
King Arthur,2004.5123287671233,B,7.106,0,0,0,1,0,0,1,0,0,0,0,0,0,0,0,0,0,7,7,3,0.0
Nothing To Lose,1997.5424657534247,B,6.517,0,0,0,0,1,0,0,0,1,0,0,0,0,0,0,0,0,7,18,3,0.0
Herbie: Fully Loaded,2005.4712328767123,B,2.671,1,0,0,0,0,0,0,0,1,0,0,0,0,0,0,0,0,6,22,2,0.0
Father of the Bride,1991.958904109589,B,3.36,0,0,1,0,0,0,0,0,1,0,0,0,0,0,0,0,0,12,20,4,0.0
You Again,2010.7232876712328,C,3.237,0,0,1,0,0,0,0,0,1,0,0,0,0,0,0,0,0,9,24,3,0.0
Treasure Planet,2002.8958904109588,C,4.367,0,0,1,0,0,0,1,0,0,0,0,0,0,0,0,0,0,11,27,4,1.0
The Great Mouse Detective,1986.4986301369863,C,4.367,0,0,1,0,0,0,1,0,0,0,0,0,0,0,0,0,0,7,2,3,1.0
Cinderella,2015.2,A,24.48,0,0,1,0,0,0,0,0,0,0,0,1,0,0,0,0,0,3,13,1,1.0
Frozen,2013.8821917808218,A,2.168,0,0,1,0,0,0,1,0,0,0,0,0,0,0,0,0,0,11,22,4,1.0
Pirates of the Caribbean: On Stranger…,2011.3835616438357,A,2.707,0,0,0,1,0,0,1,0,0,0,0,0,0,0,0,0,0,5,20,2,0.0
Zokkomon,2011.3068493150686,D,0.6,0,0,1,0,0,0,1,0,0,0,0,0,0,0,0,0,0,4,22,2,0.0
Gross Anatomy,1989.7945205479452,C,2.384,0,0,0,1,0,0,0,0,0,0,0,1,0,0,0,0,0,10,20,4,0.0
The Incredibles,2004.835616438356,A,12.541,0,0,1,0,0,0,1,0,0,0,0,0,0,0,0,0,0,11,5,4,0.0
Frank McKlusky C.I.,2002.0027397260274,D,0.988,0,0,1,0,0,0,0,0,1,0,0,0,0,0,0,0,0,1,1,1,0.0
Taking Care of Business,1990.6219178082192,C,2.693,0,0,0,0,1,0,0,0,1,0,0,0,0,0,0,0,0,8,17,3,0.0
Tim Burton's The Nightmare Before Chr…,2006.7945205479452,C,3.237,0,0,1,0,0,0,0,0,0,0,0,0,0,1,0,0,0,10,20,4,0.0
Cocktail,1988.572602739726,B,3.117,0,0,0,0,1,0,0,0,0,0,0,1,0,0,0,0,0,7,29,3,0.0
Gun Shy,2000.0931506849315,D,0.6,0,0,0,0,1,0,0,0,1,0,0,0,0,0,0,0,0,2,4,1,0.0
Mr. Destiny,1990.772602739726,C,1.96,0,0,0,1,0,0,0,0,1,0,0,0,0,0,0,0,0,10,12,4,0.0
Herbie Goes to Monte Carlo,1977.4767123287672,B,2.313,0,0,1,0,0,0,0,0,1,0,0,0,0,0,0,0,0,6,24,2,0.0
Evita,1996.972602739726,B,4.289,0,0,1,0,0,0,0,0,0,0,0,0,0,1,0,0,0,12,25,4,0.0
Dark Water,2005.5150684931507,C,3.102,0,0,0,1,0,0,0,0,0,0,0,0,0,0,0,1,0,7,8,3,0.0
Piglet's Big Movie,2003.2219178082191,C,2.82,1,0,0,0,0,0,0,0,1,0,0,0,0,0,0,0,0,3,21,1,0.0
Kazaam,1996.5397260273974,C,3.315,0,0,1,0,0,0,0,0,1,0,0,0,0,0,0,0,0,7,17,3,0.0
Déjà Vu,2006.8821917808218,B,10.707,0,0,0,1,0,0,0,0,0,0,0,0,0,0,0,1,0,11,22,4,0.0
Waking Sleeping Beauty,2010.2356164383561,D,3.237,0,0,1,0,0,0,0,0,0,0,1,0,0,0,0,0,0,3,26,1,0.0
The Count of Monte Cristo,2002.0684931506848,B,4.311,0,0,0,1,0,0,0,0,0,0,0,1,0,0,0,0,0,1,25,1,0.0
The Program,1993.7232876712328,C,2.311,0,0,0,0,1,1,0,0,0,0,0,0,0,0,0,0,0,9,24,3,0.0
When in Rome,2010.0794520547945,C,2.547,0,0,0,1,0,0,0,0,0,0,0,0,0,0,1,0,0,1,29,1,0.0
Born Yesterday,1993.2356164383561,C,0.69,0,0,1,0,0,0,0,0,0,0,0,0,0,0,1,0,0,3,26,1,0.0
The Alamo,2004.2712328767122,C,10.261,0,0,0,1,0,0,0,0,0,0,0,0,0,0,0,0,1,4,9,2,0.0
Mad Love,1995.4,C,2.135,0,0,0,1,0,0,0,0,0,0,0,1,0,0,0,0,0,5,26,2,0.0
Armageddon,1998.495890410959,A,24.21,0,0,0,1,0,0,1,0,0,0,0,0,0,0,0,0,0,7,1,3,0.0
Air Bud,1997.5780821917808,C,11.747,0,0,1,0,0,0,0,0,1,0,0,0,0,0,0,0,0,8,1,3,0.0
Fire Birds,1990.3945205479451,C,0.6,0,0,0,1,0,1,0,0,0,0,0,0,0,0,0,0,0,5,24,2,0.0
The Black Cauldron,1985.558904109589,C,1.571,0,0,1,0,0,0,1,0,0,0,0,0,0,0,0,0,0,7,24,3,1.0
Oz the Great and Powerful,2013.186301369863,A,16.417,0,0,1,0,0,0,1,0,0,0,0,0,0,0,0,0,0,3,8,1,0.0
Two Much,1996.2054794520548,D,3.237,0,0,0,1,0,0,0,0,0,0,0,0,0,0,1,0,0,3,15,1,0.0
102 Dalmatians,2000.8821917808218,B,2.764,1,0,0,0,0,0,0,0,1,0,0,0,0,0,0,0,0,11,22,4,0.0
The Pacifier,2005.1753424657534,B,5.991,0,0,1,0,0,0,0,0,1,0,0,0,0,0,0,0,0,3,4,1,0.0
Prom,2011.3260273972603,D,2.126,0,0,1,0,0,0,0,0,1,0,0,0,0,0,0,0,0,4,29,2,0.0
Un indien dans la ville,1996.2246575342465,D,3.237,0,0,1,0,0,0,0,0,1,0,0,0,0,0,0,0,0,3,22,1,0.0
Annapolis,2006.0739726027398,C,9.784,0,0,0,1,0,0,0,0,0,0,0,1,0,0,0,0,0,1,27,1,0.0
The Country Bears,2002.5643835616438,C,1.424,1,0,0,0,0,0,1,0,0,0,0,0,0,0,0,0,0,7,26,3,1.0
Planes: Fire and Rescue,2014.5424657534247,C,3.237,0,0,1,0,0,0,1,0,0,0,0,0,0,0,0,0,0,7,18,3,0.0
Tin Men,1987.1808219178083,C,2.815,0,0,1,0,0,0,0,0,1,0,0,0,0,0,0,0,0,3,6,1,0.0
Renaissance Man,1994.4191780821918,C,3.078,0,0,0,1,0,0,0,0,1,0,0,0,0,0,0,0,0,6,3,2,0.0
Playing God,1997.786301369863,D,0.652,0,0,0,0,1,0,0,0,0,0,0,0,0,0,0,1,0,10,17,4,0.0
Phenomenon,1996.5068493150684,B,5.697,0,0,1,0,0,0,0,0,0,0,0,1,0,0,0,0,0,7,5,3,0.0
Gnomeo and Juliet,2011.1123287671232,B,2.168,1,0,0,0,0,0,0,0,1,0,0,0,0,0,0,0,0,2,11,1,0.0
The Color of Money,1986.786301369863,B,16.016,0,0,0,0,1,0,0,0,0,0,0,1,0,0,0,0,0,10,17,4,0.0
Blackbeard's Ghost,1968.1041095890412,B,2.017,0,0,1,0,0,0,0,0,1,0,0,0,0,0,0,0,0,2,8,1,0.0
Ernest Scared Stupid,1991.7698630136986,C,1.887,0,0,1,0,0,0,0,0,1,0,0,0,0,0,0,0,0,10,11,4,0.0
The Emperor's New Groove,2000.945205479452,B,3.753,1,0,0,0,0,0,1,0,0,0,0,0,0,0,0,0,0,12,15,4,1.0
Double Take,2001.0328767123287,C,2.239,0,0,0,1,0,1,0,0,0,0,0,0,0,0,0,0,0,1,12,1,0.0
Rocket Man,1997.7671232876712,C,3.237,0,0,1,0,0,0,0,0,1,0,0,0,0,0,0,0,0,10,10,4,0.0
Mulan,1998.4630136986302,A,1.588,1,0,0,0,0,0,1,0,0,0,0,0,0,0,0,0,0,6,19,2,1.0
Song of the South,1946.854794520548,S,5.532,1,0,0,0,0,0,1,0,0,0,0,0,0,0,0,0,0,11,12,4,1.0
The Black Hole,1979.9616438356165,B,1.521,0,0,1,0,0,0,0,0,1,0,0,0,0,0,0,0,0,12,21,4,0.0
Raising Helen,2004.4054794520548,C,3.75,0,0,0,1,0,0,0,0,1,0,0,0,0,0,0,0,0,5,28,2,0.0
A Gun in Betty Lou's Handbag,1992.6328767123289,D,1.798,0,0,0,1,0,0,0,0,1,0,0,0,0,0,0,0,0,8,21,3,0.0
The Air Up There,1994.0191780821917,C,3.315,0,0,1,0,0,0,0,0,1,0,0,0,0,0,0,0,0,1,7,1,0.0
Roommates,1995.172602739726,C,2.105,0,0,1,0,0,0,0,0,1,0,0,0,0,0,0,0,0,3,3,1,0.0
Morning Light,2008.786301369863,D,1.22,0,0,1,0,0,0,0,0,0,0,1,0,0,0,0,0,0,10,17,4,0.0
Valiant,2005.627397260274,C,0.828,1,0,0,0,0,0,1,0,0,0,0,0,0,0,0,0,0,8,19,3,0.0
Down and Out in Beverly Hills,1986.0849315068492,B,3.642,0,0,0,0,1,0,0,0,1,0,0,0,0,0,0,0,0,1,31,1,0.0
Tarzan,1999.454794520548,A,2.764,1,0,0,0,0,0,1,0,0,0,0,0,0,0,0,0,0,6,16,2,1.0
The Royal Tenenbaums,2001.9424657534246,B,10.476,0,0,0,0,1,0,0,1,0,0,0,0,0,0,0,0,0,12,14,4,0.0
James and the Giant Peach,1996.2794520547945,C,4.122,0,0,1,0,0,0,1,0,0,0,0,0,0,0,0,0,0,4,12,2,0.0
"Mystery, Alaska",1999.7424657534248,D,6.332,0,0,0,0,1,0,0,0,1,0,0,0,0,0,0,0,0,10,1,4,0.0
Last Dance,1996.33698630137,D,4.246,0,0,0,0,1,0,0,0,0,0,0,1,0,0,0,0,0,5,3,2,0.0
My Science Project,1985.6,D,0.694,0,0,1,0,0,0,0,0,1,0,0,0,0,0,0,0,0,8,9,3,0.0
Homeward Bound II: Lost in San Franc…,1996.186301369863,C,3.237,1,0,0,0,0,0,1,0,0,0,0,0,0,0,0,0,0,3,8,1,0.0
The Muppets,2011.8849315068494,B,3.603,0,0,1,0,0,0,0,0,1,0,0,0,0,0,0,0,0,11,23,4,0.0
Turner & Hooch,1989.5698630136985,B,4.131,0,0,1,0,0,0,0,0,1,0,0,0,0,0,0,0,0,7,28,3,0.0
Oceans,2010.3068493150686,C,3.47,1,0,0,0,0,0,0,0,0,0,1,0,0,0,0,0,0,4,22,2,0.0
It's Pat,1994.6465753424657,D,1.339,0,0,1,0,0,0,0,0,1,0,0,0,0,0,0,0,0,8,26,3,0.0
The Finest Hours,2016.0794520547945,C,1.998,0,0,1,0,0,0,0,0,0,0,0,0,0,0,0,1,0,1,29,1,0.0
Shoot to Kill,1988.1150684931506,C,4.131,0,0,1,0,0,1,0,0,0,0,0,0,0,0,0,0,0,2,12,1,0.0
Hannah Montana the Movie,2009.2739726027398,B,1.914,1,0,0,0,0,0,0,0,0,0,0,1,0,0,0,0,0,4,10,2,0.0
First Kid,1996.6575342465753,C,3.146,0,0,1,0,0,0,0,0,1,0,0,0,0,0,0,0,0,8,30,3,0.0
Consenting Adults,1992.7835616438356,C,4.561,0,0,0,0,1,0,0,0,0,0,0,1,0,0,0,0,0,10,16,4,0.0
Dan in Real Life,2007.7945205479452,C,0.8,0,0,0,1,0,0,0,0,0,0,0,0,0,0,1,0,0,10,20,4,0.0
Sorority Boys,2002.2246575342465,D,5.118,0,0,0,0,1,0,0,0,1,0,0,0,0,0,0,0,0,3,22,1,0.0
Simon Birch,1998.6876712328767,C,2.547,0,0,1,0,0,0,0,0,0,0,0,1,0,0,0,0,0,9,11,3,0.0
In the Army Now,1994.6082191780822,C,2.813,0,0,1,0,0,0,0,0,1,0,0,0,0,0,0,0,0,8,12,3,0.0
Bad Company,2002.4301369863015,C,3.454,0,0,0,1,0,1,0,0,0,0,0,0,0,0,0,0,0,6,7,2,0.0
Wreck-It Ralph,2012.827397260274,A,3.104,0,0,1,0,0,0,1,0,0,0,0,0,0,0,0,0,0,11,2,4,1.0
Iron Man 3,2013.33698630137,A,4.971,0,0,0,1,0,1,0,0,0,0,0,0,0,0,0,0,0,5,3,2,0.0
Cinderella,1950.123287671233,S,3.011,1,0,0,0,0,0,0,0,0,0,0,1,0,0,0,0,0,2,15,1,1.0
One Magic Christmas,1985.8821917808218,C,1.646,0,0,1,0,0,0,0,0,0,0,0,1,0,0,0,0,0,11,22,4,0.0
Beverly Hills Chihuahua,2008.7479452054795,B,7.649,0,0,1,0,0,0,0,0,1,0,0,0,0,0,0,0,0,10,3,4,0.0
WALL-E,2008.4849315068493,A,3.237,1,0,0,0,0,0,1,0,0,0,0,0,0,0,0,0,0,6,27,2,0.0
Aladdin,1992.8520547945207,A,4.367,1,0,0,0,0,0,0,0,1,0,0,0,0,0,0,0,0,11,11,4,1.0
Casanova,2005.972602739726,D,9.398,0,0,0,0,1,0,0,0,0,0,0,1,0,0,0,0,0,12,25,4,0.0
Thor: The Dark World,2013.8438356164384,A,4.734,0,0,0,1,0,0,1,0,0,0,0,0,0,0,0,0,0,11,8,4,0.0
Monkey Kingdom,2015.2931506849316,D,1.888,1,0,0,0,0,0,0,0,0,0,1,0,0,0,0,0,0,4,17,2,0.0
Ernest Saves Christmas,1988.8520547945207,C,1.887,0,0,1,0,0,0,0,0,1,0,0,0,0,0,0,0,0,11,11,4,0.0
Hannah Montana/Miley Cyrus: Best of B…,2008.0849315068492,B,3.237,1,0,0,0,0,0,0,0,0,1,0,0,0,0,0,0,0,2,1,1,0.0
Saving Mr. Banks,2013.9397260273972,B,10.261,0,0,0,1,0,0,0,0,0,0,0,1,0,0,0,0,0,12,13,4,0.0
The Aristocats,1970.3123287671233,A,4.607,1,0,0,0,0,0,0,0,0,0,0,0,0,1,0,0,0,4,24,2,1.0
Calendar Girls,2003.9561643835616,C,0.6,0,0,0,1,0,0,0,0,1,0,0,0,0,0,0,0,0,12,19,4,0.0
Unstrung Heroes,1995.6986301369864,D,19.769,0,0,1,0,0,0,0,0,0,0,0,1,0,0,0,0,0,9,15,3,0.0
Three Fugitives,1989.0739726027398,B,4.531,0,0,0,1,0,0,0,0,1,0,0,0,0,0,0,0,0,1,27,1,0.0
Tomorrowland,2015.3890410958904,B,12.541,0,0,1,0,0,0,1,0,0,0,0,0,0,0,0,0,0,5,22,2,0.0
The Village,2004.5753424657535,B,13.806,0,0,0,1,0,0,0,0,0,0,0,0,0,0,0,1,0,7,30,3,0.0
"Alexander and the Terrible, Horrible,…",2014.7671232876712,C,2.223,0,0,1,0,0,0,0,0,1,0,0,0,0,0,0,0,0,10,10,4,0.0
Arachnophobia,1990.5424657534247,B,4.799,0,0,0,1,0,0,0,0,0,0,0,0,0,0,0,1,0,7,18,3,0.0
Lincoln,2012.8465753424657,B,35.554,0,0,0,1,0,0,0,0,0,0,0,1,0,0,0,0,0,11,9,4,0.0
The Horse Whisperer,1998.3698630136987,B,14.97,0,0,0,1,0,0,0,0,0,0,0,1,0,0,0,0,0,5,15,2,0.0
Muppets Most Wanted,2014.2219178082191,C,3.603,0,0,1,0,0,0,0,0,1,0,0,0,0,0,0,0,0,3,21,1,0.0
Fantasia 2000 (IMAX),2000.0027397260274,B,3.237,1,0,0,0,0,0,0,0,0,0,0,0,0,1,0,0,0,1,1,1,0.0
Spaced Invaders,1990.3205479452056,C,4.963,0,0,1,0,0,0,0,0,1,0,0,0,0,0,0,0,0,4,27,2,0.0
Just Visiting,2001.2630136986302,D,1.38,0,0,0,1,0,0,0,0,1,0,0,0,0,0,0,0,0,4,6,2,0.0
Holes,2003.295890410959,B,2.549,0,0,1,0,0,0,0,0,0,0,0,1,0,0,0,0,0,4,18,2,0.0
The Last Shot,2004.7232876712328,D,1.882,0,0,0,0,1,0,0,0,1,0,0,0,0,0,0,0,0,9,24,3,0.0
The Jungle Book,1967.7890410958903,S,4.607,0,1,0,0,0,0,0,0,0,0,0,0,0,1,0,0,0,10,18,4,0.0
Meet the Robinsons,2007.2465753424658,B,2.437,1,0,0,0,0,0,1,0,0,0,0,0,0,0,0,0,0,3,30,1,1.0
Dead Poets Society,1989.4164383561645,A,3.857,0,0,1,0,0,0,0,0,0,0,0,1,0,0,0,0,0,6,2,2,0.0
Avengers: Age of Ultron,2015.331506849315,A,9.807,0,0,0,1,0,1,0,0,0,0,0,0,0,0,0,0,0,5,1,2,0.0
Man of the House,1995.172602739726,B,1.96,0,0,1,0,0,0,0,0,1,0,0,0,0,0,0,0,0,3,3,1,0.0
Bears,2014.295890410959,D,1.888,1,0,0,0,0,0,0,0,0,0,1,0,0,0,0,0,0,4,18,2,0.0
Passed Away,1992.3123287671233,D,1.4,0,0,0,1,0,0,0,0,1,0,0,0,0,0,0,0,0,4,24,2,0.0
ESPN's Ultimate X - The Movie,2002.3561643835617,D,3.237,0,0,1,0,0,0,0,0,0,0,1,0,0,0,0,0,0,5,10,2,0.0
Atlantis: The Lost Empire,2001.4328767123288,B,2.157,0,0,1,0,0,0,1,0,0,0,0,0,0,0,0,0,0,6,8,2,1.0
Ernest Goes to Camp,1987.3890410958904,C,1.887,0,0,1,0,0,0,0,0,1,0,0,0,0,0,0,0,0,5,22,2,0.0
Teacher's Pet: The Movie,2004.0438356164384,D,3.237,0,0,1,0,0,0,0,0,1,0,0,0,0,0,0,0,0,1,16,1,0.0
Spy Hard,1996.3945205479451,C,0.605,0,0,0,1,0,0,0,0,1,0,0,0,0,0,0,0,0,5,24,2,0.0
Snow Dogs,2002.0493150684931,B,2.183,0,0,1,0,0,0,0,0,1,0,0,0,0,0,0,0,0,1,18,1,0.0
Frankenweenie,2012.7534246575342,C,11.267,0,0,1,0,0,0,0,0,1,0,0,0,0,0,0,0,0,10,5,4,0.0
Tuck Everlasting,2002.7698630136986,C,1.145,0,0,1,0,0,0,0,0,0,0,0,1,0,0,0,0,0,10,11,4,0.0
Hauru no ugoku shiro,2005.4383561643835,D,3.237,0,0,1,0,0,0,1,0,0,0,0,0,0,0,0,0,0,6,10,2,0.0
Gedo Senki (Tales from Earthsea),2010.6109589041096,D,3.237,0,0,0,1,0,0,1,0,0,0,0,0,0,0,0,0,0,8,13,3,0.0
Return to Oz,1985.468493150685,C,5.112,0,0,1,0,0,0,1,0,0,0,0,0,0,0,0,0,0,6,21,2,0.0
Disney's A Christmas Carol,2009.8383561643836,B,3.237,0,0,1,0,0,0,0,0,0,0,0,1,0,0,0,0,0,11,6,4,0.0
Prefontaine,1997.0657534246575,D,0.84,0,0,0,1,0,0,0,0,0,0,0,1,0,0,0,0,0,1,24,1,0.0
Beaches,1988.9616438356165,B,3.75,0,0,0,1,0,0,0,0,0,0,0,1,0,0,0,0,0,12,21,4,0.0
101 Dalmatians,1961.0684931506848,S,3.011,1,0,0,0,0,0,0,0,1,0,0,0,0,0,0,0,0,1,25,1,0.0
The Last Song,2010.2493150684932,C,1.96,0,0,1,0,0,0,0,0,0,0,0,1,0,0,0,0,0,3,31,1,0.0
Father Hood,1993.6493150684933,D,1.796,0,0,0,1,0,0,0,0,1,0,0,0,0,0,0,0,0,8,27,3,0.0
Encino Man,1992.3890410958904,B,4.007,0,0,1,0,0,0,0,0,1,0,0,0,0,0,0,0,0,5,22,2,0.0
Sweet Home Alabama,2002.731506849315,B,2.744,0,0,0,1,0,0,0,0,1,0,0,0,0,0,0,0,0,9,27,3,0.0
Play it to the Bone,1999.9698630136986,D,4.339,0,0,0,0,1,0,0,0,1,0,0,0,0,0,0,0,0,12,24,4,0.0
The Odd Life of Timothy Green,2012.6164383561643,C,0.8,0,0,1,0,0,0,0,0,0,0,0,1,0,0,0,0,0,8,15,3,0.0
Honey I Blew Up the Kid,1992.5397260273974,B,1.87,0,0,1,0,0,0,0,0,1,0,0,0,0,0,0,0,0,7,17,3,0.0
Hercules,1997.4465753424658,B,4.367,1,0,0,0,0,0,1,0,0,0,0,0,0,0,0,0,0,6,13,2,1.0
