name,release_date,MovieSuccessLevel,director,rating_is_G,rating_is_Not Rated,rating_is_PG,rating_is_PG-13,rating_is_R,genre_is_Action,genre_is_Adventure,genre_is_Black Comedy,genre_is_Comedy,genre_is_Concert/Performance,genre_is_Documentary,genre_is_Drama,genre_is_Horror,genre_is_Musical,genre_is_Romantic Comedy,genre_is_Thriller/Suspense,genre_is_Western,month,day,season,is_animation,budget,runtime
Recess: School's Out,2001.1260273972605,2,0.694,1,0,0,0,0,0,0,0,1,0,0,0,0,0,0,0,0,2,16,1,0.0,16524844.720496893,82.0
D2: The Mighty Ducks,1994.2328767123288,3,1.822,0,0,1,0,0,0,0,0,1,0,0,0,0,0,0,0,0,3,25,1,0.0,43444062.0782726,106.0
Home on the Range,2004.2520547945203,2,2.787,0,0,1,0,0,0,0,0,1,0,0,0,0,0,0,0,0,4,2,2,1.0,170418475.38380092,76.0
Young Black Stallion,2003.972602739726,1,4.423,1,0,0,0,0,0,1,0,0,0,0,0,0,0,0,0,0,12,25,4,0.0,34991358.69565217,49.0
What's Love Got to Do With It,1993.435616438356,3,0.636,0,0,0,0,1,0,0,0,0,0,0,1,0,0,0,0,0,6,9,2,0.0,30379411.76470588,118.0
Lady and the Tramp,1955.4712328767123,5,3.011,1,0,0,0,0,0,0,0,0,0,0,1,0,0,0,0,0,6,22,2,1.0,43679850.74626865,76.0
Corky Romano,2001.772602739726,2,0.98,0,0,0,1,0,0,0,0,1,0,0,0,0,0,0,0,0,10,12,4,0.0,18177329.19254658,86.0
The Waterboy,1998.838356164384,4,3.513,0,0,0,1,0,0,0,0,1,0,0,0,0,0,0,0,0,11,6,4,0.0,41294877.30061349,90.0
Captain America: The Winter Soldier,2014.2575342465752,4,9.566,0,0,0,1,0,1,0,0,0,0,0,0,0,0,0,0,0,4,4,2,0.0,210155405.17707485,136.0
Pirates of the Caribbean: Dead Man’…,2006.512328767124,5,6.319,0,0,0,1,0,0,1,0,0,0,0,0,0,0,0,0,0,7,7,3,0.0,290332341.26984125,151.0
Ladder 49,2004.7424657534248,3,1.145,0,0,0,1,0,1,0,0,0,0,0,0,0,0,0,0,0,10,1,4,0.0,92955532.0275278,115.0
Coyote Ugly,2000.5863013698631,3,0.6,0,0,0,1,0,0,0,0,0,0,0,1,0,0,0,0,0,8,4,3,0.0,76477787.45644599,100.0
The Sixth Man,1997.2410958904109,2,3.336,0,0,0,1,0,0,0,0,1,0,0,0,0,0,0,0,0,3,28,1,0.0,40114704.04984423,107.0
Dick Tracy,1990.4520547945208,4,12.374,0,0,1,0,0,1,0,0,0,0,0,0,0,0,0,0,0,6,15,2,0.0,105239364.9579189,105.0
Sister Act 2 Back in the Habit,1993.9315068493152,3,15.136,0,0,1,0,0,0,0,0,1,0,0,0,0,0,0,0,0,12,10,4,0.0,76961176.47058822,107.0
DuckTales: The Movie - Treasure of th…,1990.5835616438355,2,3.237,1,0,0,0,0,0,1,0,0,0,0,0,0,0,0,0,0,8,3,3,0.0,49260979.34200459,103.0
Blame it on the Bellboy,1992.1808219178083,1,2.096,0,0,0,1,0,0,0,0,1,0,0,0,0,0,0,0,0,3,6,1,0.0,45890306.4861012,78.0
The Hunchback of Notre Dame,1996.468493150685,3,2.157,1,0,0,0,0,0,1,0,0,0,0,0,0,0,0,0,0,6,21,2,1.0,186523263.22498405,91.0
Ernest Goes to Jail,1990.2630136986304,2,1.887,0,0,1,0,0,0,0,0,1,0,0,0,0,0,0,0,0,4,6,2,0.0,49260979.34200459,81.0
Ant-Man,2015.539726027397,3,8.06,0,0,0,1,0,1,0,0,0,0,0,0,0,0,0,0,0,7,17,3,0.0,160516545.2267137,117.0
The Shaggy Dog,2006.1917808219173,3,3.525,0,0,1,0,0,0,0,0,1,0,0,0,0,0,0,0,0,3,10,1,0.0,72583085.31746031,98.0
The Life Aquatic with Steve Zissou,2004.9315068493152,2,10.476,0,0,0,0,1,0,0,0,1,0,0,0,0,0,0,0,0,12,10,4,0.0,77462943.35627314,119.0
Bridge to Terabithia,2007.1260273972605,3,3.926,0,0,1,0,0,0,0,0,0,0,0,1,0,0,0,0,0,2,16,1,0.0,84687617.55939461,96.0
Beauty and the Beast,1991.857534246576,4,2.157,1,0,0,0,0,0,0,0,0,0,0,0,0,1,0,0,0,11,13,4,1.0,53717878.12041116,84.0
Miami Rhapsody,1995.07397260274,1,3.38,0,0,0,1,0,0,0,0,0,0,0,0,0,0,1,0,0,1,27,1,0.0,42246784.77690288,95.0
A Bug's Life,1998.876712328767,4,5.963,1,0,0,0,0,0,1,0,0,0,0,0,0,0,0,0,0,11,20,4,0.0,215451533.7423313,95.0
3 Men and a Little Lady,1990.8794520547945,3,2.849,0,0,1,0,0,0,0,0,1,0,0,0,0,0,0,0,0,11,21,4,0.0,49260979.34200459,104.0
The Puppet Masters,1994.7972602739728,1,0.613,0,0,0,0,1,0,0,0,0,0,0,0,1,0,0,0,0,10,21,4,0.0,43444062.0782726,109.0
Signs,2002.580821917808,4,13.806,0,0,0,1,0,0,0,0,0,0,0,0,0,0,0,1,0,8,2,3,0.0,117127070.59477486,106.0
Dead Presidents,1995.7506849315068,2,5.205,0,0,0,0,1,0,0,0,0,0,0,1,0,0,0,0,0,10,4,4,0.0,19203083.98950131,119.0
"McFarland, USA",2015.13698630137,2,3.195,0,0,1,0,0,0,0,0,0,0,0,1,0,0,0,0,0,2,20,1,0.0,27164338.422982313,128.0
George Of The Jungle,1997.5369863013696,3,1.822,0,0,1,0,0,0,0,0,1,0,0,0,0,0,0,0,0,7,16,3,0.0,100286760.12461057,93.0
Bound by Honor,1993.290410958904,1,6.076,0,0,0,0,1,0,0,0,1,0,0,0,0,0,0,0,0,4,16,2,0.0,70885294.11764705,190.0
The Avengers,2012.339726027397,5,9.807,0,0,0,1,0,1,0,0,0,0,0,0,0,0,0,0,0,5,4,2,0.0,280425882.2094654,143.0
Ten Things I Hate About You,1999.2493150684927,2,4.225,0,0,0,1,0,0,0,0,0,0,0,0,0,0,1,0,0,3,31,1,0.0,28106122.448979594,97.0
Earth,2009.3068493150688,2,0.6,1,0,0,0,0,0,0,0,0,0,1,0,0,0,0,0,0,4,22,2,0.0,30010720.76145373,40.0
Hello Again,1987.838356164384,2,1.052,0,0,1,0,0,0,0,0,1,0,0,0,0,0,0,0,0,11,6,4,0.0,56676144.36619718,96.0
When a Man Loves a Woman,1994.3260273972603,3,0.69,0,0,0,0,1,0,0,0,0,0,0,1,0,0,0,0,0,4,29,2,0.0,43444062.0782726,126.0
Unbreakable,2000.8821917808216,3,13.806,0,0,0,1,0,0,0,0,0,0,0,0,0,0,0,1,0,11,22,4,0.0,127462979.09407665,106.0
3 Men and a Baby,1987.890410958904,4,9.372,0,0,1,0,0,0,0,0,1,0,0,0,0,0,0,0,0,11,25,4,0.0,28338072.18309859,102.0
X Games 3D: The Movie,2009.6328767123289,1,0.6,0,0,1,0,0,0,0,0,0,0,1,0,0,0,0,0,0,8,21,3,0.0,30010720.76145373,92.0
Cars 2,2011.4767123287672,4,5.963,1,0,0,0,0,0,1,0,0,0,0,0,0,0,0,0,0,6,24,2,0.0,260208323.14538607,106.0
The Princess Diaries 2: Royal Engagement,2004.6054794520549,3,3.75,1,0,0,0,0,0,0,0,0,0,0,0,0,0,1,0,0,8,11,3,0.0,61970354.68501852,113.0
The Jungle Book 2,2003.120547945205,2,0.6,1,0,0,0,0,0,1,0,0,0,0,0,0,0,0,0,0,2,14,1,0.0,31810326.086956516,72.0
Aspen Extreme,1993.0602739726028,1,0.758,0,0,0,1,0,0,0,0,0,0,0,0,0,0,1,0,0,1,22,1,0.0,44556470.58823529,113.0
Noises Off...,1992.219178082192,1,5.579,0,0,0,1,0,0,0,0,1,0,0,0,0,0,0,0,0,3,20,1,0.0,25031076.26514611,101.0
He Got Game,1998.331506849315,2,5.728,0,0,0,0,1,0,0,0,0,0,0,1,0,0,0,0,0,5,1,2,0.0,44885736.196319014,136.0
Bringing Down the House,2003.183561643836,3,5.991,0,0,0,1,0,0,0,0,1,0,0,0,0,0,0,0,0,3,7,1,0.0,31810326.086956516,105.0
Bon Voyage!,1962.3753424657527,3,1.102,0,1,0,0,0,0,0,0,1,0,0,0,0,0,0,0,0,5,17,2,0.0,213192384.10596025,130.0
Doctor Strange,2016.8328767123287,4,4.686,0,0,0,1,0,0,1,0,0,0,0,0,0,0,0,0,0,11,4,4,0.0,201194444.32870704,115.0
Flubber,1997.893150684932,3,4.007,0,0,1,0,0,0,0,0,1,0,0,0,0,0,0,0,0,11,26,4,0.0,145871651.09034264,93.0
Roving Mars,2006.07397260274,1,0.84,1,0,0,0,0,0,0,0,0,0,1,0,0,0,0,0,0,1,27,1,0.0,31936557.539682537,40.0
Captain Ron,1992.7068493150684,2,2.384,0,0,0,1,0,0,0,0,1,0,0,0,0,0,0,0,0,9,18,3,0.0,50062152.53029222,100.0
Shadow Conspiracy,1997.0849315068488,1,5.202,0,0,0,0,1,0,0,0,0,0,0,0,0,0,0,1,0,1,31,1,0.0,82052803.73831774,103.0
Good Morning Vietnam,1987.967123287672,4,2.815,0,0,0,0,1,0,0,0,1,0,0,0,0,0,0,0,0,12,23,4,0.0,33490448.94366197,121.0
Babes in Toyland,1961.9424657534248,3,1.052,1,0,0,0,0,0,0,0,0,0,0,0,0,1,0,0,0,12,14,4,0.0,215331438.12709028,106.0
An Innocent Man,1989.7561643835616,2,2.105,0,0,0,0,1,0,0,0,0,0,0,1,0,0,0,0,0,10,6,4,0.0,51922661.29032257,113.0
Summer of Sam,1999.4986301369863,2,5.728,0,0,0,0,1,0,0,0,0,0,0,1,0,0,0,0,0,7,2,3,0.0,38645918.367346935,142.0
The Good Dinosaur,2015.890410958904,3,7.581,0,0,1,0,0,0,1,0,0,0,0,0,0,0,0,0,0,11,25,4,0.0,216079964.7282684,93.0
Angels in the Outfield,1994.5342465753424,3,4.585,0,0,1,0,0,0,0,0,1,0,0,0,0,0,0,0,0,7,15,3,0.0,61216632.92847504,102.0
Tough Guys,1986.74794520548,2,0.84,0,0,1,0,0,0,0,0,1,0,0,0,0,0,0,0,0,10,3,4,0.0,26702098.540145982,104.0
Something Wicked This Way Comes,1983.3260273972603,1,1.446,0,0,1,0,0,0,0,0,0,0,0,0,1,0,0,0,0,4,29,2,0.0,55827761.0441767,95.0
The Rocketeer,1991.468493150685,3,10.842,0,0,1,0,0,1,0,0,0,0,0,0,0,0,0,0,0,6,21,2,0.0,90246035.24229074,108.0
Stakeout,1987.5890410958905,3,2.551,0,0,0,0,1,0,0,0,1,0,0,0,0,0,0,0,0,8,5,3,0.0,37354731.5140845,116.0
National Treasure 2: Book of Secrets,2007.9616438356163,4,5.697,0,0,1,0,0,0,1,0,0,0,0,0,0,0,0,0,0,12,21,4,0.0,183489838.045355,124.0
Terminal Velocity,1994.7205479452048,2,1.668,0,0,0,1,0,1,0,0,0,0,0,0,0,0,0,0,0,9,23,3,0.0,98736504.72334683,102.0
Apocalypto,2006.92602739726,2,45.743,0,0,0,0,1,0,1,0,0,0,0,0,0,0,0,0,0,12,8,4,0.0,58066468.25396825,139.0
Invincible,2006.6438356164383,3,1.145,0,0,1,0,0,0,0,0,0,0,0,1,0,0,0,0,0,8,25,3,0.0,31936557.539682537,105.0
25th Hour,2002.9561643835616,1,5.728,0,0,0,0,1,0,0,0,0,0,0,1,0,0,0,0,0,12,19,4,0.0,8133824.346859365,135.0
Mighty Joe Young,1998.972602739726,3,1.533,0,0,1,0,0,0,1,0,0,0,0,0,0,0,0,0,0,12,25,4,0.0,161588650.30674845,114.0
Deceived,1991.731506849315,2,1.111,0,0,0,1,0,0,0,0,0,0,0,0,0,0,0,1,0,9,27,3,0.0,47271732.745961815,104.0
Never Cry Wolf,1983.758904109589,3,1.22,0,0,1,0,0,0,0,0,0,0,0,1,0,0,0,0,0,10,7,4,0.0,64642670.68273092,105.0
G-Force,2009.558904109589,3,0.981,0,0,1,0,0,0,1,0,0,0,0,0,0,0,0,0,0,7,24,3,0.0,204618550.64627543,88.0
Feast of July,1995.7753424657533,1,1.4,0,0,0,0,1,0,0,0,0,0,0,1,0,0,0,0,0,10,13,4,0.0,42246784.77690288,116.0
The Lookout,2007.2465753424656,1,5.947,0,0,0,0,1,0,0,0,0,0,0,1,0,0,0,0,0,3,30,1,0.0,22583364.68250523,99.0
Cool Runnings,1993.7424657534248,3,5.697,0,0,1,0,0,0,0,0,1,0,0,0,0,0,0,0,0,10,1,4,0.0,28354117.64705882,98.0
Alice Through the Looking Glass,2016.402739726028,3,3.603,0,0,1,0,0,0,1,0,0,0,0,0,0,0,0,0,0,5,27,2,0.0,207291245.67200118,113.0
The Devil and Max Devlin,1981.002739726028,2,1.044,0,0,1,0,0,0,0,0,1,0,0,0,0,0,0,0,0,1,1,1,0.0,70829592.95929591,96.0
The Chronicles of Narnia: Prince Caspian,2008.372602739726,3,8.389,0,0,1,0,0,0,1,0,0,0,0,0,0,0,0,0,0,5,16,2,0.0,305835845.2970929,150.0
The Insider,1999.835616438356,2,10.952,0,0,0,0,1,0,0,0,0,0,0,1,0,0,0,0,0,11,5,4,0.0,158096938.7755102,158.0
Camp Nowhere,1994.6465753424657,2,1.42,0,0,1,0,0,0,0,0,1,0,0,0,0,0,0,0,0,8,26,3,0.0,43444062.0782726,96.0
The Rock,1996.4301369863008,4,24.21,0,0,0,0,1,1,0,0,0,0,0,0,0,0,0,0,0,6,7,2,0.0,139892447.418738,137.0
Green Card,1990.972602739726,2,3.857,0,0,0,1,0,0,0,0,0,0,0,0,0,0,1,0,0,12,25,4,0.0,27989192.807957154,108.0
Real Steel,2011.758904109589,3,21.85,0,0,0,1,0,1,0,0,0,0,0,0,0,0,0,0,0,10,7,4,0.0,143114577.72996232,127.0
A Kid in King Arthur's Court,1995.6054794520549,2,1.414,0,0,1,0,0,0,1,0,0,0,0,0,0,0,0,0,0,8,11,3,0.0,42246784.77690288,89.0
The Last Flight of Noah’s Ark,1980.4794520547944,2,0.781,0,0,1,0,0,0,0,0,1,0,0,0,0,0,0,0,0,6,25,2,0.0,78136043.68932037,97.0
African Cats,2011.3068493150688,1,1.888,1,0,0,0,0,0,0,0,0,0,1,0,0,0,0,0,0,4,22,2,0.0,6505208.078634651,89.0
Toy Story 3D Double Feature,2009.745205479452,2,3.237,1,0,0,0,0,0,1,0,0,0,0,0,0,0,0,0,0,10,2,4,0.0,30010720.76145373,103.0
Into the Woods,2014.972602739726,3,2.707,0,0,1,0,0,0,0,0,0,0,0,0,0,1,0,0,0,12,25,4,0.0,61810413.28737496,125.0
Finding Nemo,2003.4109589041093,5,13.918,1,0,0,0,0,0,1,0,0,0,0,0,0,0,0,0,0,5,30,2,0.0,149508532.60869563,100.0
The Good Mother,1988.8328767123287,1,9.372,0,0,1,0,0,0,0,0,0,0,0,1,0,0,0,0,0,11,4,4,0.0,34633727.810650885,104.0
The Hundred-Foot Journey,2014.5972602739728,2,9.398,0,0,1,0,0,0,0,0,0,0,0,0,0,0,1,0,0,8,8,3,0.0,27196581.846444983,122.0
Pearl Harbor,2001.3972602739725,4,24.21,0,0,0,1,0,1,0,0,0,0,0,0,0,0,0,0,0,5,25,2,0.0,231347826.08695647,183.0
Pirates of the Caribbean: At World’…,2007.3945205479447,4,6.319,0,0,0,1,0,0,1,0,0,0,0,0,0,0,0,0,0,5,24,2,0.0,423438087.796973,169.0
Color of Night,1994.627397260274,2,0.6,0,0,0,0,1,0,0,0,0,0,0,0,0,0,0,1,0,8,19,3,0.0,78989203.77867745,121.0
Romy and Michele's High School Reunion,1997.3150684931504,2,0.872,0,0,0,0,1,0,0,0,1,0,0,0,0,0,0,0,0,4,25,2,0.0,36467912.77258566,92.0
Cheetah,1989.6246575342464,1,1.38,0,0,1,0,0,0,1,0,0,0,0,0,0,0,0,0,0,8,18,3,0.0,11800604.838709675,83.0
Jack,1996.6,3,9.291,0,0,0,1,0,0,0,0,0,0,0,1,0,0,0,0,0,8,9,3,0.0,83935468.45124282,113.0
Monsters University,2013.468493150685,4,1.904,1,0,0,0,0,0,1,0,0,0,0,0,0,0,0,0,0,6,21,2,0.0,251252377.04812473,104.0
The Fifth Estate,2013.7890410958903,1,3.842,0,0,0,0,1,0,0,0,0,0,0,1,0,0,0,0,0,10,18,4,0.0,35175332.786737464,128.0
Before and After,1996.145205479452,1,1.729,0,0,0,1,0,0,0,0,0,0,0,1,0,0,0,0,0,2,23,1,0.0,65283142.12874441,108.0
Moonlight Mile,2002.731506849315,1,2.559,0,0,0,1,0,0,0,0,0,0,0,1,0,0,0,0,0,9,27,3,0.0,34162062.25680933,117.0
A Stranger Among Us,1992.539726027397,2,4.261,0,0,0,1,0,0,0,0,0,0,0,1,0,0,0,0,0,7,17,3,0.0,45890306.4861012,110.0
The Lizzie McGuire Movie,2003.3342465753424,2,1.4,0,0,1,0,0,0,0,0,1,0,0,0,0,0,0,0,0,5,2,2,0.0,27038777.173913043,94.0
Krippendorf's Tribe,1998.1561643835616,1,1.047,0,0,0,1,0,0,0,0,1,0,0,0,0,0,0,0,0,2,27,1,0.0,39499447.85276073,94.0
crazy/beautiful,2001.490410958904,2,9.759,0,0,0,1,0,0,0,0,0,0,0,1,0,0,0,0,0,6,29,2,0.0,21482298.13664596,99.0
Adventures in Babysitting,1987.5013698630137,3,15.365,0,0,1,0,0,0,0,0,1,0,0,0,0,0,0,0,0,7,3,3,0.0,18033318.66197183,102.0
The Game Plan,2007.717808219178,3,3.237,0,0,1,0,0,0,0,0,1,0,0,0,0,0,0,0,0,9,22,3,0.0,31052126.43844469,110.0
Splash,1984.1890410958904,3,15.712,0,0,1,0,0,0,0,0,1,0,0,0,0,0,0,0,0,3,9,1,0.0,22533589.99037536,111.0
Who Framed Roger Rabbit?,1988.4712328767123,4,11.418,0,0,1,0,0,0,0,0,1,0,0,0,0,0,0,0,0,6,22,2,0.0,173168639.0532544,104.0
The Light Between Oceans,2016.66301369863,1,0.695,0,0,0,1,0,0,0,0,0,0,0,1,0,0,0,0,0,9,2,3,0.0,24387205.373176612,133.0
The Guardian,2006.7369863013696,3,2.549,0,0,0,1,0,1,0,0,0,0,0,0,0,0,0,0,0,9,29,3,0.0,14516617.063492062,139.0
The Sword in the Stone,1963.972602739726,3,4.607,0,0,1,0,0,0,1,0,0,0,0,0,0,0,0,0,0,12,25,4,1.0,28691666.66666666,79.0
Mr. Holland's Opus,1995.983561643836,3,1.578,0,0,1,0,0,0,0,0,0,0,0,1,0,0,0,0,0,12,29,4,0.0,59529560.36745407,137.0
The Rescuers Down Under,1990.8657534246568,2,1.566,1,0,0,0,0,0,1,0,0,0,0,0,0,0,0,0,0,11,16,4,1.0,84932645.79188982,77.0
The Preacher's Wife,1996.9397260273968,3,3.078,0,0,1,0,0,0,0,0,0,0,0,1,0,0,0,0,0,12,13,4,0.0,74609305.28999361,124.0
Sarafina!,1992.7068493150684,1,1.796,0,0,0,1,0,0,0,0,0,0,0,1,0,0,0,0,0,9,18,3,0.0,45890306.4861012,117.0
Trenchcoat,1983.194520547945,1,0.6,0,0,1,0,0,0,0,0,1,0,0,0,0,0,0,0,0,3,11,1,0.0,64642670.68273092,91.0
Confessions of a Teenage Drama Queen,2004.13698630137,2,3.72,0,0,1,0,0,0,0,0,1,0,0,0,0,0,0,0,0,2,20,1,0.0,23238883.00688195,89.0
Around the World in 80 Days,2004.454794520548,2,3.513,0,0,1,0,0,0,1,0,0,0,0,0,0,0,0,0,0,6,16,2,0.0,170418475.38380092,120.0
Blaze,1989.9397260273968,2,4.339,0,0,0,0,1,0,0,0,0,0,0,1,0,0,0,0,0,12,13,4,0.0,51922661.29032257,117.0
Toy Story,1995.8821917808216,4,5.963,1,0,0,0,0,0,1,0,0,0,0,0,0,0,0,0,0,11,22,4,0.0,57609251.96850394,81.0
Prince of Persia: Sands of Time,2010.4054794520548,3,7.015,0,0,0,1,0,1,0,0,0,0,0,0,0,0,0,0,0,5,28,2,0.0,268421873.28025824,116.0
Eddie,1996.4136986301369,2,1.736,0,0,0,1,0,0,0,0,1,0,0,0,0,0,0,0,0,5,31,2,0.0,55956978.96749522,100.0
White Fang 2: Myth of the White Wolf,1994.2876712328768,1,3.372,0,0,1,0,0,0,1,0,0,0,0,0,0,0,0,0,0,4,15,2,0.0,43444062.0782726,106.0
White Squall,1996.0876712328768,1,11.154,0,0,0,1,0,0,1,0,0,0,0,0,0,0,0,0,0,2,2,1,0.0,70878840.02549393,129.0
The Invisible,2007.3205479452056,2,7.047,0,0,0,1,0,0,0,0,0,0,0,0,0,0,0,1,0,4,27,2,0.0,42343808.77969731,102.0
Guilty as Sin,1993.4219178082192,2,4.261,0,0,0,0,1,0,0,0,0,0,0,0,0,0,0,1,0,6,4,2,0.0,44556470.58823529,107.0
Operation Dumbo Drop,1995.5698630136983,2,4.423,0,0,1,0,0,0,1,0,0,0,0,0,0,0,0,0,0,7,28,3,0.0,42246784.77690288,107.0
Ghosts of the Abyss,2003.2767123287672,2,19.242,1,0,0,0,0,0,0,0,0,0,1,0,0,0,0,0,0,4,11,2,0.0,20676711.95652174,61.0
Scenes from a Mall,1991.1424657534249,1,3.642,0,0,1,0,0,0,0,0,1,0,0,0,0,0,0,0,0,2,22,1,0.0,6446145.374449339,89.0
The BFG,2016.495890410959,2,35.554,0,0,1,0,0,0,1,0,0,0,0,0,0,0,0,0,0,7,1,3,0.0,170710437.61223626,117.0
Tron,1982.517808219178,3,0.69,0,0,1,0,0,1,0,0,0,0,0,0,0,0,0,0,0,7,9,3,0.0,51555803.10880829,96.0
Firelight,1998.668493150685,1,2.317,0,0,0,0,1,0,0,0,0,0,0,1,0,0,0,0,0,9,4,3,0.0,39499447.85276073,103.0
Delivery Man,2013.8821917808216,2,0.732,0,0,0,1,0,0,0,0,1,0,0,0,0,0,0,0,0,11,22,4,0.0,32662809.016256217,105.0
New York Stories,1989.1671232876715,2,9.291,0,0,1,0,0,0,0,0,0,0,0,1,0,0,0,0,0,3,1,1,0.0,35401814.51612903,124.0
Disorganized Crime,1989.2849315068493,1,2.216,0,0,1,0,0,0,0,0,1,0,0,0,0,0,0,0,0,4,14,2,0.0,51922661.29032257,98.0
Tom and Huck,1995.964383561644,2,3.305,0,0,1,0,0,0,1,0,0,0,0,0,0,0,0,0,0,12,22,4,0.0,42246784.77690288,97.0
Keeping the Faith,2000.2849315068493,2,40.007,0,0,0,1,0,0,0,0,0,0,0,0,0,0,1,0,0,4,14,2,0.0,50985191.637630664,127.0
Grosse Pointe Blank,1997.2767123287672,2,1.4,0,0,0,0,1,0,0,1,0,0,0,0,0,0,0,0,0,4,11,2,0.0,27350934.579439253,107.0
Indian Summer,1993.309589041096,2,3.007,0,0,0,0,1,0,0,0,1,0,0,0,0,0,0,0,0,4,23,2,0.0,44556470.58823529,97.0
The Princess and the Frog,2009.890410958904,3,4.367,1,0,0,0,0,0,1,0,0,0,0,0,0,0,0,0,0,11,25,4,1.0,143232985.45239282,98.0
Billy Bathgate,1991.8246575342464,2,4.021,0,0,0,0,1,0,0,0,0,0,0,1,0,0,0,0,0,11,1,4,0.0,103138325.99118942,106.0
3 Ninjas Kick Back,1994.345205479452,2,2.146,0,0,1,0,0,1,0,0,0,0,0,0,0,0,0,0,0,5,6,2,0.0,39494601.889338724,93.0
My Boyfriend's Back,1993.5917808219176,1,9.259,0,0,0,1,0,0,0,0,1,0,0,0,0,0,0,0,0,8,6,3,0.0,44556470.58823529,85.0
Goal! The Dream Begins,2006.3616438356164,1,3.237,0,0,1,0,0,0,0,0,0,0,0,1,0,0,0,0,0,5,12,2,0.0,31936557.539682537,103.0
Country,1984.7369863013696,2,1.228,0,0,1,0,0,0,0,0,0,0,0,1,0,0,0,0,0,9,29,3,0.0,61967372.47353223,105.0
Big Trouble,2002.2602739726028,1,10.903,0,0,0,1,0,0,0,0,1,0,0,0,0,0,0,0,0,4,5,2,0.0,65070594.77487492,85.0
People Like Us,2012.490410958904,1,4.231,0,0,0,1,0,0,0,0,0,0,0,1,0,0,0,0,0,6,29,2,0.0,20394609.61523385,114.0
Mars Needs Moms,2011.194520547945,2,1.642,0,0,1,0,0,0,1,0,0,0,0,0,0,0,0,0,0,3,11,1,0.0,195156242.35903955,88.0
Angie,1994.1753424657527,1,4.158,0,0,0,0,1,0,0,0,1,0,0,0,0,0,0,0,0,3,4,1,0.0,43444062.0782726,108.0
Deuce Bigalow: Male Gigolo,1999.9315068493152,3,5.355,0,0,0,0,1,0,0,0,1,0,0,0,0,0,0,0,0,12,10,4,0.0,29862755.102040816,88.0
Veronica Guerin,2003.786301369863,1,3.454,0,0,0,0,1,0,0,0,0,0,0,1,0,0,0,0,0,10,17,4,0.0,27038777.173913043,98.0
Max Keeble's Big Move,2001.7534246575344,2,3.849,0,0,1,0,0,0,0,0,1,0,0,0,0,0,0,0,0,10,5,4,0.0,41312111.80124223,86.0
The Scarlet Letter,1995.7753424657533,2,2.599,0,0,0,0,1,0,0,0,0,0,0,1,0,0,0,0,0,10,13,4,0.0,96015419.94750655,135.0
D3: The Mighty Ducks,1996.7506849315068,2,1.905,0,0,1,0,0,0,0,0,1,0,0,0,0,0,0,0,0,10,4,4,0.0,41035117.909496486,104.0
Up,2009.4082191780824,4,8.305,0,0,1,0,0,0,1,0,0,0,0,0,0,0,0,0,0,5,29,2,0.0,238721642.42065468,96.0
Alive,1993.041095890411,3,4.799,0,0,0,0,1,0,1,0,0,0,0,0,0,0,0,0,0,1,15,1,0.0,64809411.76470588,127.0
Can't Buy Me Love,1987.613698630137,2,1.736,0,0,1,0,0,0,0,0,0,0,0,0,0,0,1,0,0,8,14,3,0.0,4637139.084507042,94.0
The Hoax,2007.2630136986304,1,0.6,0,0,0,0,1,0,0,0,0,0,0,1,0,0,0,0,0,4,6,2,0.0,31052126.43844469,103.0
Fantasia,1940.857534246576,5,2.09,1,0,0,0,0,0,0,0,0,0,0,0,0,1,0,0,0,11,13,4,1.0,47660957.142857134,124.0
Crimson Tide,1995.3616438356164,3,10.707,0,0,0,0,1,1,0,0,0,0,0,0,0,0,0,0,0,5,12,2,0.0,101776345.14435694,116.0
Ransom,1996.8438356164384,4,15.712,0,0,0,0,1,1,0,0,0,0,0,0,0,0,0,0,0,11,8,4,0.0,149218610.57998723,121.0
Pretty Woman,1990.227397260274,4,3.75,0,0,0,0,1,0,0,0,0,0,0,0,0,0,1,0,0,3,23,1,0.0,31347895.944912013,119.0
Inspector Gadget,1999.5561643835613,3,0.751,0,0,1,0,0,0,0,0,1,0,0,0,0,0,0,0,0,7,23,3,0.0,131747448.97959182,78.0
Winnie the Pooh,2011.5342465753424,2,2.437,1,0,0,0,0,0,1,0,0,0,0,0,0,0,0,0,0,7,15,3,0.0,39031248.47180791,63.0
The Tigger Movie,2000.1123287671232,3,1.531,1,0,0,0,0,0,1,0,0,0,0,0,0,0,0,0,0,2,11,1,0.0,50985191.637630664,77.0
Heavy Weights,1995.128767123288,2,4.209,0,0,1,0,0,0,0,0,1,0,0,0,0,0,0,0,0,2,17,1,0.0,19203083.98950131,100.0
What About Bob?,1991.3753424657527,3,5.979,0,0,1,0,0,0,0,0,1,0,0,0,0,0,0,0,0,5,17,2,0.0,75205029.36857562,100.0
Condorman,1981.5945205479447,1,0.781,0,0,1,0,0,1,0,0,0,0,0,0,0,0,0,0,0,8,7,3,0.0,70829592.95929591,90.0
The Haunted Mansion,2003.893150684932,3,5.05,0,0,1,0,0,0,0,0,1,0,0,0,0,0,0,0,0,11,26,4,0.0,143146467.3913043,88.0
The Hitchhiker's Guide to the Galaxy,2005.3260273972603,2,10.298,0,0,1,0,0,0,0,0,1,0,0,0,0,0,0,0,0,4,29,2,0.0,74924475.16641064,109.0
Bedknobs and Broomsticks,1971.758904109589,3,2.017,0,0,1,0,0,0,0,0,0,0,0,0,0,1,0,0,0,10,7,4,1.0,144520987.65432096,117.0
Pooh's Heffalump Movie,2005.1123287671232,2,3.375,1,0,0,0,0,0,1,0,0,0,0,0,0,0,0,0,0,2,11,1,1.0,29969790.066564254,68.0
Open Range,2003.6164383561645,3,82.398,0,0,0,0,1,0,0,0,0,0,0,0,0,0,0,0,1,8,15,3,0.0,34991358.69565217,139.0
D.O.A.,1988.213698630137,2,1.328,0,0,1,0,0,0,0,0,0,0,0,0,0,0,0,1,0,3,18,1,0.0,54424429.4167371,96.0
Meet the Deedles,1998.2383561643835,1,1.559,0,0,1,0,0,0,0,0,1,0,0,0,0,0,0,0,0,3,27,1,0.0,43090306.74846625,93.0
A Beautiful Planet,2016.3260273972603,1,0.652,1,0,0,0,0,0,0,0,0,0,1,0,0,0,0,0,0,4,29,2,0.0,26825925.91049427,45.0
Sister Act,1992.4082191780824,4,2.849,0,0,1,0,0,0,0,0,1,0,0,0,0,0,0,0,0,5,29,2,0.0,64663613.68496079,100.0
Strange Magic,2015.06301369863,1,1.298,0,0,1,0,0,0,1,0,0,0,0,0,0,0,0,0,0,1,23,1,0.0,27164338.422982313,99.0
The Many Adventures of Winnie the Pooh,1977.194520547945,1,4.607,0,0,1,0,0,0,0,0,1,0,0,0,0,0,0,0,0,3,11,1,0.0,106244389.43894388,74.0
Quiz Show,1994.695890410959,2,14.97,0,0,0,1,0,0,0,0,0,0,0,1,0,0,0,0,0,9,14,3,0.0,61216632.92847504,133.0
While You Were Sleeping,1995.304109589041,3,5.697,0,0,1,0,0,0,0,0,0,0,0,0,0,0,1,0,0,4,21,2,0.0,32645242.782152228,103.0
Bedtime Stories,2008.972602739726,3,5.991,0,0,1,0,0,0,0,0,1,0,0,0,0,0,0,0,0,12,25,4,0.0,108741633.88341081,99.0
"The Chronicles of Narnia: The Lion, t…",2005.928767123288,4,3.237,0,0,1,0,0,0,1,0,0,0,0,0,0,0,0,0,0,12,9,4,0.0,32966769.073220678,103.0
Instinct,1999.4219178082192,2,5.697,0,0,0,0,1,0,0,0,0,0,0,1,0,0,0,0,0,6,4,2,0.0,140530612.24489793,124.0
Step Up,2006.6054794520549,3,3.996,0,0,0,1,0,0,0,0,0,0,0,1,0,0,0,0,0,8,11,3,0.0,31936557.539682537,104.0
G.I. Jane,1997.635616438356,3,11.154,0,0,0,0,1,0,0,0,0,0,0,1,0,0,0,0,0,8,22,3,0.0,91169781.93146417,125.0
Oscar,1991.317808219178,2,7.69,0,0,1,0,0,0,0,0,1,0,0,0,0,0,0,0,0,4,26,2,0.0,75205029.36857562,109.0
The Parent Trap,1998.572602739726,3,3.975,0,0,1,0,0,0,0,0,1,0,0,0,0,0,0,0,0,7,29,3,0.0,26931441.717791412,128.0
Primeval,2007.0328767123287,1,0.833,0,0,0,0,1,0,1,0,0,0,0,0,0,0,0,0,0,1,12,1,0.0,31052126.43844469,93.0
The Lone Ranger,2013.4986301369863,3,6.319,0,0,0,1,0,0,0,0,0,0,0,0,0,0,0,0,1,7,2,3,0.0,270096305.32673407,149.0
"Monsters, Inc.",2001.827397260274,4,8.305,1,0,0,0,0,0,1,0,0,0,0,0,0,0,0,0,0,11,2,4,0.0,190035714.28571427,92.0
Reign of Fire,2002.1342465753423,2,1.667,0,0,0,1,0,1,0,0,0,0,0,0,0,0,0,0,0,2,19,1,0.0,97605892.16231239,101.0
Running Brave,1983.8328767123287,1,0.6,0,0,1,0,0,0,0,0,0,0,0,1,0,0,0,0,0,11,4,4,0.0,64642670.68273092,106.0
Dinosaur,2000.380821917808,4,1.271,0,0,1,0,0,0,1,0,0,0,0,0,0,0,0,0,0,5,19,2,1.0,216687064.45993033,82.0
Rushmore,1998.9342465753425,2,10.476,0,0,0,0,1,0,0,1,0,0,0,0,0,0,0,0,0,12,11,4,0.0,16158865.030674843,93.0
Freaky Friday,1977.057534246576,3,3.237,0,0,1,0,0,0,0,0,1,0,0,0,0,0,0,0,0,1,21,1,0.0,106244389.43894388,103.0
The 13th Warrior,1999.6493150684933,2,7.105,0,0,0,0,1,1,0,0,0,0,0,0,0,0,0,0,0,8,27,3,0.0,281061224.48979586,102.0
Brave,2012.4712328767123,4,1.702,0,0,1,0,0,0,1,0,0,0,0,0,0,0,0,0,0,6,22,2,0.0,235812673.67614132,93.0
Eight Below,2006.128767123288,3,4.799,0,0,1,0,0,0,1,0,0,0,0,0,0,0,0,0,0,2,17,1,0.0,58066468.25396825,120.0
Gake no ue no Ponyo,2009.613698630137,1,3.237,1,0,0,0,0,0,1,0,0,0,0,0,0,0,0,0,0,8,14,3,0.0,30010720.76145373,103.0
Queen of Katwe,2016.7205479452048,1,3.42,0,0,1,0,0,0,0,0,0,0,0,1,0,0,0,0,0,9,23,3,0.0,18290404.02988246,124.0
Straight Talk,1992.254794520548,2,1.179,0,0,1,0,0,0,0,0,1,0,0,0,0,0,0,0,0,4,3,2,0.0,45890306.4861012,91.0
Holy Man,1998.764383561644,2,1.578,0,0,1,0,0,0,0,0,1,0,0,0,0,0,0,0,0,10,9,4,0.0,107725766.87116565,114.0
The Sorcerer's Apprentice,2010.531506849315,2,5.697,0,0,1,0,0,0,1,0,0,0,0,0,0,0,0,0,0,7,14,3,0.0,201316404.96019366,109.0
Stella,1990.0876712328768,2,1.22,0,0,0,1,0,0,0,0,0,0,0,1,0,0,0,0,0,2,2,1,0.0,49260979.34200459,109.0
An American Werewolf in Paris,1997.972602739726,2,2.152,0,0,0,0,1,0,0,0,0,0,0,0,1,0,0,0,0,12,25,4,0.0,40114704.04984423,105.0
The Mighty Ducks,1992.745205479452,3,1.578,0,0,1,0,0,0,0,0,1,0,0,0,0,0,0,0,0,10,2,4,0.0,20859230.220955092,101.0
Tall Tale,1995.2301369863007,1,1.136,0,0,1,0,0,0,0,0,0,0,0,0,0,0,0,0,1,3,24,1,0.0,61449868.7664042,98.0
Tangled,2010.8876712328768,4,5.956,0,0,1,0,0,0,1,0,0,0,0,0,0,0,0,0,0,11,24,4,1.0,348948435.26433575,100.0
Ed Wood,1994.7397260273967,1,11.267,0,0,0,0,1,0,0,0,1,0,0,0,0,0,0,0,0,9,30,3,0.0,35545141.70040485,127.0
The Jerky Boys,1995.090410958904,1,0.61,0,0,0,0,1,0,0,0,1,0,0,0,0,0,0,0,0,2,3,1,0.0,42246784.77690288,82.0
The Rich Man's Wife,1996.693150684932,1,2.047,0,0,0,0,1,0,0,0,0,0,0,0,0,0,0,1,0,9,13,3,0.0,41035117.909496486,94.0
"20,000 Leagues Under the Sea",1954.967123287672,5,1.4,0,0,1,0,0,0,1,0,0,0,0,0,0,0,0,0,0,12,23,4,0.0,54396840.14869888,127.0
Super Mario Bros.,1993.4054794520548,2,1.328,0,0,1,0,0,1,0,0,0,0,0,0,0,0,0,0,0,5,28,2,0.0,97214117.64705881,104.0
The Proposal,2009.4630136986304,3,3.996,0,0,0,1,0,0,0,0,0,0,0,0,0,0,1,0,0,6,19,2,0.0,54564946.83900678,108.0
Race to Witch Mountain,2009.2,3,3.237,0,0,1,0,0,0,1,0,0,0,0,0,0,0,0,0,0,3,13,1,0.0,68206183.54875848,98.0
The Adventures of Huck Finn,1993.2520547945203,2,4.889,0,0,1,0,0,0,1,0,0,0,0,0,0,0,0,0,0,4,2,2,0.0,13164411.764705881,108.0
Jefferson in Paris,1995.2493150684927,1,3.223,0,0,0,1,0,0,0,0,0,0,0,1,0,0,0,0,0,3,31,1,0.0,26884317.58530183,139.0
The Jungle Book,2016.2876712328768,4,26.223,0,0,1,0,0,0,1,0,0,0,0,0,0,0,0,0,0,4,15,2,0.0,213388047.01529536,106.0
Sky High,2005.572602739726,3,5.355,0,0,1,0,0,0,1,0,0,0,0,0,0,0,0,0,0,7,29,3,0.0,52447132.61648744,100.0
Toy Story 2,1999.87397260274,4,5.963,1,0,0,0,0,0,1,0,0,0,0,0,0,0,0,0,0,11,19,4,0.0,158096938.7755102,92.0
The Rescuers,1977.4712328767123,3,4.607,0,0,1,0,0,0,1,0,0,0,0,0,0,0,0,0,0,6,22,2,1.0,5795148.514851484,78.0
Remember the Titans,2000.7369863013696,3,6.176,0,0,1,0,0,0,0,0,0,0,0,1,0,0,0,0,0,9,29,3,0.0,50985191.637630664,113.0
A Lot Like Love,2005.3068493150688,2,0.6,0,0,0,1,0,0,0,0,1,0,0,0,0,0,0,0,0,4,22,2,0.0,44954685.099846385,107.0
3 Ninjas,1992.5945205479447,2,5.697,0,0,1,0,0,1,0,0,0,0,0,0,0,0,0,0,0,8,7,3,0.0,13558499.64362081,84.0
Flight of the Navigator,1986.5753424657528,2,1.87,0,0,1,0,0,0,1,0,0,0,0,0,0,0,0,0,0,7,30,3,0.0,24031888.686131384,90.0
America's Heart and Soul,2004.4986301369863,1,0.6,0,1,0,0,0,0,0,0,0,0,1,0,0,0,0,0,0,7,2,3,0.0,34083695.07676019,84.0
Swing Vote,2008.5780821917808,1,1.4,0,0,0,1,0,0,0,0,1,0,0,0,0,0,0,0,0,8,1,3,0.0,28544678.894395337,120.0
The Straight Story,1999.780821917808,1,17.35,1,0,0,0,0,0,0,0,0,0,0,1,0,0,0,0,0,10,15,4,0.0,17566326.53061224,112.0
The Kid,2000.512328767124,3,5.697,0,0,1,0,0,0,0,0,1,0,0,0,0,0,0,0,0,7,7,3,0.0,110467915.21486644,104.0
Enchanted,2007.8794520547945,3,2.764,0,0,1,0,0,0,0,0,0,0,0,0,0,0,1,0,0,11,21,4,1.0,119974124.87580903,107.0
Zootopia,2016.1753424657527,4,5.956,0,0,1,0,0,0,1,0,0,0,0,0,0,0,0,0,0,3,4,1,1.0,182904040.29882458,109.0
I'll Be Home For Christmas,1998.857534246576,2,0.988,0,0,1,0,0,0,0,0,1,0,0,0,0,0,0,0,0,11,13,4,0.0,53862883.435582824,86.0
The War at Home,1996.876712328767,1,21.371,0,0,0,0,1,0,0,0,1,0,0,0,0,0,0,0,0,11,20,4,0.0,41035117.909496486,119.0
Peter Pan: Return to Neverland,2002.123287671233,3,0.622,1,0,0,0,0,0,1,0,0,0,0,0,0,0,0,0,0,2,15,1,0.0,32535297.38743746,72.0
Ratatouille,2007.490410958904,4,12.541,1,0,0,0,0,0,0,0,1,0,0,0,0,0,0,0,0,6,29,2,0.0,211719043.8984865,111.0
Secretariat,2010.7616438356165,2,3.387,0,0,1,0,0,0,0,0,0,0,0,1,0,0,0,0,0,10,8,4,0.0,46973827.82404519,123.0
Medicine Man,1992.1013698630136,3,7.105,0,0,0,1,0,0,0,0,0,0,0,1,0,0,0,0,0,2,7,1,0.0,83436920.88382037,106.0
A Thousand Acres,1997.709589041096,1,1.584,0,0,0,0,1,0,0,0,0,0,0,1,0,0,0,0,0,9,19,3,0.0,51055077.88161993,105.0
Mission to Mars,2000.1917808219173,3,6.965,0,0,1,0,0,0,1,0,0,0,0,0,0,0,0,0,0,3,10,1,0.0,152955574.91289198,114.0
Brother Bear,2003.805479452055,3,1.553,1,0,0,0,0,0,1,0,0,0,0,0,0,0,0,0,0,10,24,4,1.0,203586086.95652175,85.0
Snow White and the Seven Dwarfs,1937.9616438356163,5,2.09,1,0,0,0,0,0,0,0,0,0,0,0,0,1,0,0,0,12,21,4,1.0,30249613.407291662,83.0
Toy Story 3,2010.4602739726024,4,3.893,1,0,0,0,0,0,1,0,0,0,0,0,0,0,0,0,0,6,18,2,0.0,268421873.28025824,103.0
Miracle,2004.0986301369865,3,3.104,0,0,1,0,0,0,0,0,0,0,0,1,0,0,0,0,0,2,6,1,0.0,43379248.279512964,135.0
My Favorite Martian,1999.1150684931504,2,2.308,0,0,1,0,0,0,0,0,1,0,0,0,0,0,0,0,0,2,12,1,0.0,114181122.4489796,94.0
Benji the Hunted,1987.4246575342463,2,0.648,0,0,1,0,0,0,1,0,0,0,0,0,0,0,0,0,0,6,5,2,0.0,56676144.36619718,88.0
A Far Off Place,1993.1972602739727,2,1.615,0,0,1,0,0,0,1,0,0,0,0,0,0,0,0,0,0,3,12,1,0.0,44556470.58823529,100.0
Old Dogs,2009.890410958904,2,1.4,0,0,1,0,0,0,0,0,1,0,0,0,0,0,0,0,0,11,25,4,0.0,47744328.484130934,88.0
Alice in Wonderland,2010.1780821917807,4,11.267,0,0,1,0,0,0,1,0,0,0,0,0,0,0,0,0,0,3,5,1,1.0,268421873.28025824,108.0
The Little Mermaid,1989.86301369863,4,4.367,1,0,0,0,0,0,1,0,0,0,0,0,0,0,0,0,0,11,15,4,1.0,94404838.7096774,83.0
Stick It,2006.323287671233,2,1.007,0,0,0,1,0,0,0,0,1,0,0,0,0,0,0,0,0,4,28,2,0.0,31936557.539682537,105.0
Funny Bones,1995.2493150684927,1,1.914,0,0,0,0,1,0,0,0,1,0,0,0,0,0,0,0,0,3,31,1,0.0,42246784.77690288,128.0
Cars,2006.435616438356,4,5.963,1,0,0,0,0,0,0,0,1,0,0,0,0,0,0,0,0,6,9,2,0.0,174199404.76190478,117.0
Bicentennial Man,1999.9506849315069,3,15.365,0,0,1,0,0,0,0,0,0,0,0,1,0,0,0,0,0,12,17,4,0.0,175663265.30612242,131.0
Chimpanzee,2012.3013698630136,2,1.888,1,0,0,0,0,0,0,0,0,0,1,0,0,0,0,0,0,4,20,2,0.0,6373315.504760576,78.0
The Apple Dumpling Gang,1975.495890410959,3,3.345,0,0,1,0,0,0,0,0,1,0,0,0,0,0,0,0,0,7,1,3,0.0,119673048.32713753,100.0
The Other Sister,1999.1534246575343,2,3.75,0,0,0,1,0,0,0,0,0,0,0,0,0,0,1,0,0,2,26,1,0.0,61482142.85714285,130.0
A Simple Twist of Fate,1994.66301369863,1,0.972,0,0,0,1,0,0,0,0,0,0,0,1,0,0,0,0,0,9,2,3,0.0,43444062.0782726,106.0
Where the Heart Is,1990.145205479452,1,3.425,0,0,1,0,0,0,0,0,1,0,0,0,0,0,0,0,0,2,23,1,0.0,49260979.34200459,107.0
Kaze Tachinu,2013.8438356164384,1,10.348,0,0,0,1,0,0,0,0,0,0,0,1,0,0,0,0,0,11,8,4,0.0,37687856.557218716,126.0
Off Beat,1986.2767123287672,1,0.694,0,0,1,0,0,0,0,0,1,0,0,0,0,0,0,0,0,4,11,2,0.0,26702098.540145982,92.0
The Greatest Game Ever Played,2005.7397260273967,2,29.974,0,0,1,0,0,0,0,0,0,0,0,1,0,0,0,0,0,9,30,3,0.0,37462237.58320532,120.0
The Three Musketeers,1993.854794520548,3,1.578,0,0,1,0,0,0,1,0,0,0,0,0,0,0,0,0,0,11,12,4,0.0,60758823.52941176,105.0
A Civil Action,1998.972602739726,3,5.165,0,0,0,1,0,0,0,0,0,0,0,1,0,0,0,0,0,12,25,4,0.0,125680061.34969322,115.0
Walt and El Grupo,2009.684931506849,1,3.237,0,0,1,0,0,0,0,0,0,0,1,0,0,0,0,0,0,9,10,3,0.0,30010720.76145373,103.0
Powder,1995.813698630137,2,3.316,0,0,0,1,0,0,0,0,0,0,0,1,0,0,0,0,0,10,27,4,0.0,18242929.790026244,111.0
1492: Conquest of Paradise,1992.764383561644,1,11.154,0,0,0,1,0,0,1,0,0,0,0,0,0,0,0,0,0,10,9,4,0.0,98038382.03848892,154.0
The Cemetery Club,1993.090410958904,1,15.136,0,0,0,1,0,0,0,0,1,0,0,0,0,0,0,0,0,2,3,1,0.0,44556470.58823529,107.0
Stay Alive,2006.2301369863007,2,2.468,0,0,0,1,0,0,0,0,0,0,0,0,1,0,0,0,0,3,24,1,0.0,13064955.357142854,85.0
That Darn Cat,1997.120547945205,2,0.63,0,0,1,0,0,0,0,0,1,0,0,0,0,0,0,0,0,2,14,1,0.0,40114704.04984423,89.0
The Muppet Christmas Carol,1992.9342465753425,2,5.629,1,0,0,0,0,0,0,0,1,0,0,0,0,0,0,0,0,12,11,4,0.0,25031076.26514611,85.0
Step Up 2 the Streets,2008.120547945205,2,2.218,0,0,0,1,0,0,0,0,0,0,0,1,0,0,0,0,0,2,14,1,0.0,31263219.741480608,98.0
Fantasia 2000 (Theatrical Release),2000.454794520548,1,3.237,1,0,0,0,0,0,0,0,0,0,0,0,0,1,0,0,0,6,16,2,0.0,37389140.534262486,103.0
The Santa Clause 2,2002.8246575342464,4,4.129,1,0,0,0,0,0,0,0,1,0,0,0,0,0,0,0,0,11,1,4,0.0,105739716.50917175,104.0
The Recruit,2003.0849315068488,3,3.117,0,0,0,1,0,0,0,0,0,0,0,0,0,0,0,1,0,1,31,1,0.0,73163749.99999999,115.0
Money for Nothing,1993.684931506849,1,0.93,0,0,0,0,1,0,0,0,1,0,0,0,0,0,0,0,0,9,10,3,0.0,22278235.294117644,100.0
Bad Company,1995.054794520548,1,1.111,0,0,0,0,1,0,0,0,0,0,0,0,0,0,0,1,0,1,20,1,0.0,42246784.77690288,108.0
I Love Trouble,1994.490410958904,2,3.36,0,0,1,0,0,0,0,0,0,0,0,0,0,0,1,0,0,6,29,2,0.0,88862854.25101215,123.0
The Absent Minded Professor,1961.208219178082,4,2.017,0,0,1,0,0,0,0,0,1,0,0,0,0,0,0,0,0,3,16,1,0.0,215331438.12709028,96.0
Jungle 2 Jungle,1997.183561643836,3,5.383,0,0,1,0,0,0,0,0,1,0,0,0,0,0,0,0,0,3,7,1,0.0,58348660.43613707,97.0
Tex,1982.87397260274,2,0.6,0,0,1,0,0,0,0,0,0,0,0,1,0,0,0,0,0,11,19,4,0.0,66719274.61139895,103.0
Life With Mikey,1993.4219178082192,2,1.4,0,0,1,0,0,0,0,0,1,0,0,0,0,0,0,0,0,6,4,2,0.0,4050588.2352941176,91.0
Gone Fishin',1997.4109589041093,2,2.043,0,0,1,0,0,0,0,0,1,0,0,0,0,0,0,0,0,5,30,2,0.0,96639968.84735201,94.0
Rogue One: A Star Wars Story,2016.9479452054795,5,0.908,0,0,0,1,0,0,1,0,0,0,0,0,0,0,0,0,0,12,16,4,0.0,243872053.73176613,133.0
The Marrying Man,1991.2602739726028,2,1.62,0,0,0,0,1,0,0,0,0,0,0,0,0,0,1,0,0,4,5,2,0.0,55866593.245227605,116.0
Bubble Boy,2001.641095890411,1,1.259,0,0,0,1,0,0,0,0,1,0,0,0,0,0,0,0,0,8,24,3,0.0,36354658.38509316,84.0
Baby: Secret of the Lost Legend,1985.2246575342465,2,1.534,0,0,1,0,0,0,1,0,0,0,0,0,0,0,0,0,0,3,22,1,0.0,59836524.163568765,95.0
The Fox and the Hound,1981.5205479452047,3,1.571,0,0,1,0,0,0,0,0,1,0,0,0,0,0,0,0,0,7,10,3,1.0,38634323.43234323,82.0
High Heels and Low Lifes,2001.8109589041096,1,3.432,0,0,0,0,1,0,0,0,1,0,0,0,0,0,0,0,0,10,26,4,0.0,36354658.38509316,86.0
The Tie That Binds,1995.6794520547944,1,2.1,0,0,0,0,1,0,0,0,0,0,0,0,0,0,0,1,0,9,8,3,0.0,26884317.58530183,99.0
John Carter,2012.1890410958904,3,13.918,0,0,0,1,0,0,1,0,0,0,0,0,0,0,0,0,0,3,9,1,0.0,318665775.2380289,132.0
Blank Check,1994.1123287671232,2,2.26,0,0,1,0,0,0,0,0,1,0,0,0,0,0,0,0,0,2,11,1,0.0,25671491.228070173,93.0
Guardians of the Galaxy,2014.5780821917808,4,24.097,0,0,0,1,0,0,1,0,0,0,0,0,0,0,0,0,0,8,1,3,0.0,210155405.17707485,121.0
Star Wars Ep. VII: The Force Awakens,2015.9534246575345,5,3.237,0,0,0,1,0,0,1,0,0,0,0,0,0,0,0,0,0,12,18,4,0.0,27164338.422982313,103.0
A Goofy Movie,1995.2657534246573,2,2.764,1,0,0,0,0,0,0,0,1,0,0,0,0,0,0,0,0,4,7,2,1.0,34565551.18110236,78.0
Hocus Pocus,1993.5369863013696,3,7.263,0,0,1,0,0,0,0,0,1,0,0,0,0,0,0,0,0,7,16,3,0.0,56708235.29411764,96.0
Pete’s Dragon,2016.6082191780824,3,7.428,0,0,1,0,0,0,1,0,0,0,0,0,0,0,0,0,0,8,12,3,0.0,79258417.462824,103.0
Night Crossing,1982.0958904109589,1,4.441,0,0,1,0,0,0,0,0,0,0,0,1,0,0,0,0,0,2,5,1,0.0,66719274.61139895,107.0
Lilo & Stitch,2002.468493150685,4,9.204,0,0,1,0,0,0,1,0,0,0,0,0,0,0,0,0,0,6,21,2,1.0,130141189.54974984,85.0
Metro,1997.0465753424653,2,3.485,0,0,0,0,1,1,0,0,0,0,0,0,0,0,0,0,0,1,17,1,0.0,100286760.12461057,117.0
National Treasure,2004.87397260274,4,5.697,0,0,1,0,0,0,1,0,0,0,0,0,0,0,0,0,0,11,19,4,0.0,154925886.7125463,131.0
Shanghai Noon,2000.4,3,1.4,0,0,0,1,0,0,0,0,0,0,0,0,0,0,0,0,1,5,26,2,0.0,93472851.33565621,110.0
Dangerous Minds,1995.6054794520549,3,1.788,0,0,0,0,1,0,0,0,0,0,0,1,0,0,0,0,0,8,11,3,0.0,44167093.175853014,99.0
The Distinguished Gentleman,1992.9150684931508,3,2.343,0,0,0,0,1,0,0,0,1,0,0,0,0,0,0,0,0,12,4,4,0.0,104296151.10477546,112.0
The Secret World of Arietty,2012.128767123288,2,3.237,1,0,0,0,0,0,1,0,0,0,0,0,0,0,0,0,0,2,17,1,0.0,28042588.220946535,103.0
The Princess Diaries,2001.5835616438355,3,3.75,1,0,0,0,0,0,0,0,1,0,0,0,0,0,0,0,0,8,3,3,0.0,61141925.4658385,115.0
Step Up 3D,2010.5917808219176,2,2.218,0,0,0,1,0,0,0,0,0,0,0,1,0,0,0,0,0,8,6,3,0.0,40263280.99203874,107.0
Underdog,2007.5835616438355,2,0.648,0,0,1,0,0,0,1,0,0,0,0,0,0,0,0,0,0,8,3,3,0.0,35286507.31641442,81.0
Red Rock West,1994.0767123287671,1,3.237,0,0,0,0,1,0,0,0,1,0,0,0,0,0,0,0,0,1,28,1,0.0,43444062.0782726,103.0
Captain America: Civil War,2016.345205479452,4,9.566,0,0,0,1,0,1,0,0,0,0,0,0,0,0,0,0,0,5,6,2,0.0,304840067.16470766,147.0
Mr. Wrong,1996.1260273972605,2,10.367,0,0,0,1,0,0,0,0,0,0,0,0,0,0,1,0,0,2,16,1,0.0,41035117.909496486,96.0
Nixon,1995.958904109589,2,5.583,0,0,0,0,1,0,0,0,0,0,0,1,0,0,0,0,0,12,20,4,0.0,84493569.55380575,192.0
The Ref,1994.1890410958904,2,3.175,0,0,0,0,1,0,0,0,1,0,0,0,0,0,0,0,0,3,9,1,0.0,21722031.0391363,97.0
The Santa Clause 3: The Escape Clause,2006.830136986301,3,4.129,1,0,0,0,0,0,0,0,1,0,0,0,0,0,0,0,0,11,3,4,0.0,17419940.476190474,91.0
Ice Princess,2005.213698630137,2,2.223,1,0,0,0,0,0,0,0,1,0,0,0,0,0,0,0,0,3,18,1,0.0,37462237.58320532,98.0
King Arthur,2004.512328767124,3,7.106,0,0,0,1,0,0,1,0,0,0,0,0,0,0,0,0,0,7,7,3,0.0,185911064.0550556,126.0
Nothing To Lose,1997.5424657534247,3,6.517,0,0,0,0,1,0,0,0,1,0,0,0,0,0,0,0,0,7,18,3,0.0,45584890.96573208,97.0
Herbie: Fully Loaded,2005.4712328767123,3,2.671,1,0,0,0,0,0,0,0,1,0,0,0,0,0,0,0,0,6,22,2,0.0,74924475.16641064,100.0
Father of the Bride,1991.958904109589,3,3.36,0,0,1,0,0,0,0,0,1,0,0,0,0,0,0,0,0,12,20,4,0.0,42974302.49632893,105.0
You Again,2010.7232876712328,2,3.237,0,0,1,0,0,0,0,0,1,0,0,0,0,0,0,0,0,9,24,3,0.0,26842187.32802582,105.0
Treasure Planet,2002.8958904109588,2,4.367,0,0,1,0,0,0,1,0,0,0,0,0,0,0,0,0,0,11,27,4,1.0,227747081.7120622,95.0
The Great Mouse Detective,1986.4986301369863,2,4.367,0,0,1,0,0,0,1,0,0,0,0,0,0,0,0,0,0,7,2,3,1.0,37382937.95620438,74.0
Cinderella,2015.2,4,24.48,0,0,1,0,0,0,0,0,0,0,0,1,0,0,0,0,0,3,13,1,1.0,117300552.28106,105.0
Frozen,2013.8821917808216,4,2.168,0,0,1,0,0,0,1,0,0,0,0,0,0,0,0,0,0,11,22,4,1.0,188439282.78609353,102.0
Pirates of the Caribbean: On Stranger…,2011.383561643836,4,2.707,0,0,0,1,0,0,1,0,0,0,0,0,0,0,0,0,0,5,20,2,0.0,494395813.9762335,137.0
Zokkomon,2011.3068493150688,1,0.6,0,0,1,0,0,0,1,0,0,0,0,0,0,0,0,0,0,4,22,2,0.0,28622915.545992468,109.0
Gross Anatomy,1989.7945205479448,2,2.384,0,0,0,1,0,0,0,0,0,0,0,1,0,0,0,0,0,10,20,4,0.0,20061028.225806452,109.0
The Incredibles,2004.835616438356,4,12.541,0,0,1,0,0,0,1,0,0,0,0,0,0,0,0,0,0,11,5,4,0.0,142531815.7755426,115.0
Frank McKlusky C.I.,2002.002739726028,1,0.988,0,0,1,0,0,0,0,0,1,0,0,0,0,0,0,0,0,1,1,1,0.0,35788827.12618121,83.0
Taking Care of Business,1990.6219178082192,2,2.693,0,0,0,0,1,0,0,0,1,0,0,0,0,0,0,0,0,8,17,3,0.0,31347895.944912013,108.0
Tim Burton's The Nightmare Before Chr…,2006.7945205479448,2,3.237,0,0,1,0,0,0,0,0,0,0,0,0,0,1,0,0,0,10,20,4,0.0,31936557.539682537,103.0
Cocktail,1988.572602739726,3,3.117,0,0,0,0,1,0,0,0,0,0,0,1,0,0,0,0,0,7,29,3,0.0,49476754.015215546,104.0
Gun Shy,2000.0931506849315,1,0.6,0,0,0,0,1,0,0,0,1,0,0,0,0,0,0,0,0,2,4,1,0.0,16995063.87921022,101.0
Mr. Destiny,1990.772602739726,2,1.96,0,0,0,1,0,0,0,0,1,0,0,0,0,0,0,0,0,10,12,4,0.0,44782708.492731445,110.0
Herbie Goes to Monte Carlo,1977.4767123287672,3,2.313,0,0,1,0,0,0,0,0,1,0,0,0,0,0,0,0,0,6,24,2,0.0,106244389.43894388,105.0
Evita,1996.972602739726,3,4.289,0,0,1,0,0,0,0,0,0,0,0,0,0,1,0,0,0,12,25,4,0.0,102587794.77374122,135.0
Dark Water,2005.5150684931507,2,3.102,0,0,0,1,0,0,0,0,0,0,0,0,0,0,0,1,0,7,8,3,0.0,44954685.099846385,105.0
Piglet's Big Movie,2003.2219178082191,2,2.82,1,0,0,0,0,0,0,0,1,0,0,0,0,0,0,0,0,3,21,1,0.0,73163749.99999999,75.0
Kazaam,1996.539726027397,2,3.315,0,0,1,0,0,0,0,0,1,0,0,0,0,0,0,0,0,7,17,3,0.0,37304652.64499681,93.0
Déjà Vu,2006.8821917808216,3,10.707,0,0,0,1,0,0,0,0,0,0,0,0,0,0,0,1,0,11,22,4,0.0,108874627.97619046,126.0
Waking Sleeping Beauty,2010.235616438356,1,3.237,0,0,1,0,0,0,0,0,0,0,1,0,0,0,0,0,0,3,26,1,0.0,29526406.060828406,103.0
The Count of Monte Cristo,2002.0684931506848,3,4.311,0,0,0,1,0,0,0,0,0,0,0,1,0,0,0,0,0,1,25,1,0.0,56936770.42801555,131.0
The Program,1993.7232876712328,2,2.311,0,0,0,0,1,1,0,0,0,0,0,0,0,0,0,0,0,9,24,3,0.0,44556470.58823529,112.0
When in Rome,2010.0794520547945,2,2.547,0,0,0,1,0,0,0,0,0,0,0,0,0,0,1,0,0,1,29,1,0.0,73816015.15207101,91.0
Born Yesterday,1993.235616438356,2,0.69,0,0,1,0,0,0,0,0,0,0,0,0,0,0,1,0,0,3,26,1,0.0,44556470.58823529,100.0
The Alamo,2004.271232876712,2,10.261,0,0,0,1,0,0,0,0,0,0,0,0,0,0,0,0,1,4,9,2,0.0,224642535.73319212,137.0
Mad Love,1995.4,2,2.135,0,0,0,1,0,0,0,0,0,0,0,1,0,0,0,0,0,5,26,2,0.0,42246784.77690288,95.0
Armageddon,1998.495890410959,4,24.21,0,0,0,1,0,0,1,0,0,0,0,0,0,0,0,0,0,7,1,3,0.0,251360122.69938645,151.0
Air Bud,1997.5780821917808,2,11.747,0,0,1,0,0,0,0,0,1,0,0,0,0,0,0,0,0,8,1,3,0.0,5470186.915887849,98.0
Fire Birds,1990.3945205479447,2,0.6,0,0,0,1,0,1,0,0,0,0,0,0,0,0,0,0,0,5,24,2,0.0,49260979.34200459,85.0
The Black Cauldron,1985.558904109589,2,1.571,0,0,1,0,0,0,1,0,0,0,0,0,0,0,0,0,0,7,24,3,1.0,67996050.1858736,80.0
Oz the Great and Powerful,2013.186301369863,4,16.417,0,0,1,0,0,0,1,0,0,0,0,0,0,0,0,0,0,3,8,1,0.0,251252377.04812473,130.0
Two Much,1996.2054794520548,1,3.237,0,0,0,1,0,0,0,0,0,0,0,0,0,0,1,0,0,3,15,1,0.0,41035117.909496486,103.0
102 Dalmatians,2000.8821917808216,3,2.764,1,0,0,0,0,0,0,0,1,0,0,0,0,0,0,0,0,11,22,4,0.0,144458042.97328687,100.0
The Pacifier,2005.1753424657527,3,5.991,0,0,1,0,0,0,0,0,1,0,0,0,0,0,0,0,0,3,4,1,0.0,83915412.18637991,95.0
Prom,2011.3260273972603,1,2.126,0,0,1,0,0,0,0,0,1,0,0,0,0,0,0,0,0,4,29,2,0.0,10408332.925815444,104.0
Un indien dans la ville,1996.2246575342465,1,3.237,0,0,1,0,0,0,0,0,1,0,0,0,0,0,0,0,0,3,22,1,0.0,41035117.909496486,103.0
Annapolis,2006.07397260274,2,9.784,0,0,0,1,0,0,0,0,0,0,0,1,0,0,0,0,0,1,27,1,0.0,37743204.36507936,108.0
The Country Bears,2002.564383561644,2,1.424,1,0,0,0,0,0,1,0,0,0,0,0,0,0,0,0,0,7,26,3,1.0,56936770.42801555,88.0
Planes: Fire and Rescue,2014.5424657534247,2,3.237,0,0,1,0,0,0,1,0,0,0,0,0,0,0,0,0,0,7,18,3,0.0,27196581.846444983,2.0
Tin Men,1987.1808219178083,2,2.815,0,0,1,0,0,0,0,0,1,0,0,0,0,0,0,0,0,3,6,1,0.0,56676144.36619718,112.0
Renaissance Man,1994.419178082192,2,3.078,0,0,0,1,0,0,0,0,1,0,0,0,0,0,0,0,0,6,3,2,0.0,78989203.77867745,128.0
Playing God,1997.786301369863,1,0.652,0,0,0,0,1,0,0,0,0,0,0,0,0,0,0,1,0,10,17,4,0.0,21880747.663551398,94.0
Phenomenon,1996.5068493150684,3,5.697,0,0,1,0,0,0,0,0,0,0,0,1,0,0,0,0,0,7,5,3,0.0,59687444.2319949,123.0
Gnomeo and Juliet,2011.1123287671232,3,2.168,1,0,0,0,0,0,0,0,1,0,0,0,0,0,0,0,0,2,11,1,0.0,46837498.16616949,84.0
The Color of Money,1986.786301369863,3,16.016,0,0,0,0,1,0,0,0,0,0,0,1,0,0,0,0,0,10,17,4,0.0,36848895.98540146,119.0
Blackbeard's Ghost,1968.1041095890407,3,2.017,0,0,1,0,0,0,0,0,1,0,0,0,0,0,0,0,0,2,8,1,0.0,185011781.60919538,106.0
Ernest Scared Stupid,1991.7698630136983,2,1.887,0,0,1,0,0,0,0,0,1,0,0,0,0,0,0,0,0,10,11,4,0.0,47271732.745961815,91.0
The Emperor's New Groove,2000.945205479452,3,3.753,1,0,0,0,0,0,1,0,0,0,0,0,0,0,0,0,0,12,15,4,1.0,169950638.7921022,78.0
Double Take,2001.0328767123287,2,2.239,0,0,0,1,0,1,0,0,0,0,0,0,0,0,0,0,0,1,12,1,0.0,39659627.32919254,88.0
Rocket Man,1997.7671232876712,2,3.237,0,0,1,0,0,0,0,0,1,0,0,0,0,0,0,0,0,10,10,4,0.0,40114704.04984423,103.0
Mulan,1998.4630136986304,4,1.588,1,0,0,0,0,0,1,0,0,0,0,0,0,0,0,0,0,6,19,2,1.0,161588650.30674845,88.0
Song of the South,1946.854794520548,5,5.532,1,0,0,0,0,0,1,0,0,0,0,0,0,0,0,0,0,11,12,4,1.0,31891891.025641024,94.0
The Black Hole,1979.9616438356163,3,1.521,0,0,1,0,0,0,0,0,1,0,0,0,0,0,0,0,0,12,21,4,0.0,80621212.12121211,98.0
Raising Helen,2004.4054794520548,2,3.75,0,0,0,1,0,0,0,0,1,0,0,0,0,0,0,0,0,5,28,2,0.0,77462943.35627314,119.0
A Gun in Betty Lou's Handbag,1992.6328767123289,1,1.798,0,0,0,1,0,0,0,0,1,0,0,0,0,0,0,0,0,8,21,3,0.0,27116999.28724162,89.0
The Air Up There,1994.019178082192,2,3.315,0,0,1,0,0,0,0,0,1,0,0,0,0,0,0,0,0,1,7,1,0.0,33570411.60593793,107.0
Roommates,1995.172602739726,2,2.105,0,0,1,0,0,0,0,0,1,0,0,0,0,0,0,0,0,3,3,1,0.0,42246784.77690288,108.0
Morning Light,2008.786301369863,1,1.22,0,0,1,0,0,0,0,0,0,0,1,0,0,0,0,0,0,10,17,4,0.0,29903949.31793797,97.0
Valiant,2005.627397260274,2,0.828,1,0,0,0,0,0,1,0,0,0,0,0,0,0,0,0,0,8,19,3,0.0,52447132.61648744,76.0
Down and Out in Beverly Hills,1986.0849315068488,3,3.642,0,0,0,0,1,0,0,0,1,0,0,0,0,0,0,0,0,1,31,1,0.0,37382937.95620438,103.0
Tarzan,1999.454794520548,4,2.764,1,0,0,0,0,0,1,0,0,0,0,0,0,0,0,0,0,6,16,2,1.0,228362244.8979592,88.0
The Royal Tenenbaums,2001.9424657534248,3,10.476,0,0,0,0,1,0,0,1,0,0,0,0,0,0,0,0,0,12,14,4,0.0,34702173.91304348,110.0
James and the Giant Peach,1996.2794520547943,2,4.122,0,0,1,0,0,0,1,0,0,0,0,0,0,0,0,0,0,4,12,2,0.0,70878840.02549393,79.0
"Mystery, Alaska",1999.7424657534248,1,6.332,0,0,0,0,1,0,0,0,1,0,0,0,0,0,0,0,0,10,1,4,0.0,49185714.28571428,119.0
Last Dance,1996.33698630137,1,4.246,0,0,0,0,1,0,0,0,0,0,0,1,0,0,0,0,0,5,3,2,0.0,41035117.909496486,103.0
My Science Project,1985.6,1,0.694,0,0,1,0,0,0,0,0,1,0,0,0,0,0,0,0,0,8,9,3,0.0,59836524.163568765,94.0
Homeward Bound II: Lost in San Franc…,1996.186301369863,2,3.237,1,0,0,0,0,0,1,0,0,0,0,0,0,0,0,0,0,3,8,1,0.0,41035117.909496486,103.0
The Muppets,2011.8849315068487,3,3.603,0,0,1,0,0,0,0,0,1,0,0,0,0,0,0,0,0,11,23,4,0.0,58546872.70771186,103.0
Turner & Hooch,1989.5698630136983,3,4.131,0,0,1,0,0,0,0,0,1,0,0,0,0,0,0,0,0,7,28,3,0.0,30681572.58064516,100.0
Oceans,2010.3068493150688,2,3.47,1,0,0,0,0,0,0,0,0,0,1,0,0,0,0,0,0,4,22,2,0.0,29526406.060828406,84.0
It's Pat,1994.6465753424657,1,1.339,0,0,1,0,0,0,0,0,1,0,0,0,0,0,0,0,0,8,26,3,0.0,43444062.0782726,74.0
The Finest Hours,2016.0794520547945,2,1.998,0,0,1,0,0,0,0,0,0,0,0,0,0,0,0,1,0,1,29,1,0.0,97548821.49270645,117.0
Shoot to Kill,1988.1150684931504,2,4.131,0,0,1,0,0,1,0,0,0,0,0,0,0,0,0,0,0,2,12,1,0.0,54424429.4167371,109.0
Hannah Montana the Movie,2009.27397260274,3,1.914,1,0,0,0,0,0,0,0,0,0,0,1,0,0,0,0,0,4,10,2,0.0,47744328.484130934,102.0
First Kid,1996.657534246576,2,3.146,0,0,1,0,0,0,0,0,1,0,0,0,0,0,0,0,0,8,30,3,0.0,41035117.909496486,101.0
Consenting Adults,1992.783561643836,2,4.561,0,0,0,0,1,0,0,0,0,0,0,1,0,0,0,0,0,10,16,4,0.0,37546614.39771916,99.0
Dan in Real Life,2007.7945205479448,2,0.8,0,0,0,1,0,0,0,0,0,0,0,0,0,0,1,0,0,10,20,4,0.0,35286507.31641442,98.0
Sorority Boys,2002.2246575342465,1,5.118,0,0,0,0,1,0,0,0,1,0,0,0,0,0,0,0,0,3,22,1,0.0,19521178.432462476,93.0
Simon Birch,1998.6876712328767,2,2.547,0,0,1,0,0,0,0,0,0,0,0,1,0,0,0,0,0,9,11,3,0.0,35908588.95705521,114.0
In the Army Now,1994.6082191780824,2,2.813,0,0,1,0,0,0,0,0,1,0,0,0,0,0,0,0,0,8,12,3,0.0,43444062.0782726,91.0
Bad Company,2002.4301369863008,2,3.454,0,0,0,1,0,1,0,0,0,0,0,0,0,0,0,0,0,6,7,2,0.0,113873540.8560311,116.0
Wreck-It Ralph,2012.827397260274,4,3.104,0,0,1,0,0,0,1,0,0,0,0,0,0,0,0,0,0,11,2,4,1.0,210319411.65709904,101.0
Iron Man 3,2013.33698630137,4,4.971,0,0,0,1,0,1,0,0,0,0,0,0,0,0,0,0,0,5,3,2,0.0,251252377.04812473,130.0
Cinderella,1950.123287671233,5,3.011,1,0,0,0,0,0,0,0,0,0,0,1,0,0,0,0,0,2,15,1,1.0,35215746.8879668,74.0
One Magic Christmas,1985.8821917808216,2,1.646,0,0,1,0,0,0,0,0,0,0,0,1,0,0,0,0,0,11,22,4,0.0,59836524.163568765,88.0
Beverly Hills Chihuahua,2008.74794520548,3,7.649,0,0,1,0,0,0,0,0,1,0,0,0,0,0,0,0,0,10,3,4,0.0,27185408.470852703,91.0
WALL-E,2008.4849315068493,4,3.237,1,0,0,0,0,0,1,0,0,0,0,0,0,0,0,0,0,6,27,2,0.0,29903949.31793797,44.0
Aladdin,1992.8520547945209,4,4.367,1,0,0,0,0,0,0,0,1,0,0,0,0,0,0,0,0,11,11,4,1.0,58405844.618674256,90.0
Casanova,2005.972602739726,1,9.398,0,0,0,0,1,0,0,0,0,0,0,1,0,0,0,0,0,12,25,4,0.0,32966769.073220678,112.0
Thor: The Dark World,2013.8438356164384,4,4.734,0,0,0,1,0,0,1,0,0,0,0,0,0,0,0,0,0,11,8,4,0.0,213564520.49090603,112.0
Monkey Kingdom,2015.293150684932,1,1.888,1,0,0,0,0,0,0,0,0,0,1,0,0,0,0,0,0,4,17,2,0.0,27164338.422982313,81.0
Ernest Saves Christmas,1988.8520547945209,2,1.887,0,0,1,0,0,0,0,0,1,0,0,0,0,0,0,0,0,11,11,4,0.0,14843026.204564665,95.0
Hannah Montana/Miley Cyrus: Best of B…,2008.0849315068488,3,3.237,1,0,0,0,0,0,0,0,0,1,0,0,0,0,0,0,0,2,1,1,0.0,29903949.31793797,103.0
Saving Mr. Banks,2013.9397260273968,3,10.261,0,0,0,1,0,0,0,0,0,0,0,1,0,0,0,0,0,12,13,4,0.0,43969165.983421825,125.0
The Aristocats,1970.3123287671235,4,4.607,1,0,0,0,0,0,0,0,0,0,0,0,0,1,0,0,0,4,24,2,1.0,30170618.556701034,78.0
Calendar Girls,2003.9561643835616,2,0.6,0,0,0,1,0,0,0,0,1,0,0,0,0,0,0,0,0,12,19,4,0.0,15905163.043478258,108.0
Unstrung Heroes,1995.6986301369864,1,19.769,0,0,1,0,0,0,0,0,0,0,0,1,0,0,0,0,0,9,15,3,0.0,42246784.77690288,93.0
Three Fugitives,1989.07397260274,3,4.531,0,0,0,1,0,0,0,0,1,0,0,0,0,0,0,0,0,1,27,1,0.0,35401814.51612903,96.0
Tomorrowland,2015.3890410958904,3,12.541,0,0,1,0,0,0,1,0,0,0,0,0,0,0,0,0,0,5,22,2,0.0,234601104.56212,130.0
The Village,2004.5753424657528,3,13.806,0,0,0,1,0,0,0,0,0,0,0,0,0,0,0,1,0,7,30,3,0.0,92955532.0275278,108.0
"Alexander and the Terrible, Horrible,…",2014.7671232876712,2,2.223,0,0,1,0,0,0,0,0,1,0,0,0,0,0,0,0,0,10,10,4,0.0,34613831.44092998,81.0
Arachnophobia,1990.5424657534247,3,4.799,0,0,0,1,0,0,0,0,0,0,0,0,0,0,0,1,0,7,18,3,0.0,69413198.16373375,109.0
Lincoln,2012.8465753424657,3,35.554,0,0,0,1,0,0,0,0,0,0,0,1,0,0,0,0,0,11,9,4,0.0,82853101.5618875,149.0
The Horse Whisperer,1998.3698630136987,3,14.97,0,0,0,1,0,0,0,0,0,0,0,1,0,0,0,0,0,5,15,2,0.0,107725766.87116565,170.0
Muppets Most Wanted,2014.2219178082191,2,3.603,0,0,1,0,0,0,0,0,1,0,0,0,0,0,0,0,0,3,21,1,0.0,61810413.28737496,107.0
Fantasia 2000 (IMAX),2000.002739726028,3,3.237,1,0,0,0,0,0,0,0,0,0,0,0,0,1,0,0,0,1,1,1,0.0,37389140.534262486,103.0
Spaced Invaders,1990.3205479452056,2,4.963,0,0,1,0,0,0,0,0,1,0,0,0,0,0,0,0,0,4,27,2,0.0,6717406.273909717,100.0
Just Visiting,2001.2630136986304,1,1.38,0,0,0,1,0,0,0,0,1,0,0,0,0,0,0,0,0,4,6,2,0.0,57836956.52173912,88.0
Holes,2003.295890410959,3,2.549,0,0,1,0,0,0,0,0,0,0,0,1,0,0,0,0,0,4,18,2,0.0,31810326.086956516,117.0
The Last Shot,2004.7232876712328,1,1.882,0,0,0,0,1,0,0,0,1,0,0,0,0,0,0,0,0,9,24,3,0.0,34083695.07676019,90.0
The Jungle Book,1967.7890410958903,5,4.607,0,1,0,0,0,0,0,0,0,0,0,0,0,1,0,0,0,10,18,4,0.0,35048502.994011976,78.0
Meet the Robinsons,2007.2465753424656,3,2.437,1,0,0,0,0,0,1,0,0,0,0,0,0,0,0,0,0,3,30,1,1.0,211719043.8984865,95.0
Dead Poets Society,1989.4164383561645,4,3.857,0,0,1,0,0,0,0,0,0,0,0,1,0,0,0,0,0,6,2,2,0.0,38705983.87096774,128.0
Avengers: Age of Ultron,2015.331506849315,4,9.807,0,0,0,1,0,1,0,0,0,0,0,0,0,0,0,0,0,5,1,2,0.0,450681069.2903884,141.0
Man of the House,1995.172602739726,3,1.96,0,0,1,0,0,0,0,0,1,0,0,0,0,0,0,0,0,3,3,1,0.0,42246784.77690288,96.0
Bears,2014.295890410959,1,1.888,1,0,0,0,0,0,0,0,0,0,1,0,0,0,0,0,0,4,18,2,0.0,27196581.846444983,78.0
Passed Away,1992.3123287671235,1,1.4,0,0,0,1,0,0,0,0,1,0,0,0,0,0,0,0,0,4,24,2,0.0,45890306.4861012,96.0
ESPN's Ultimate X - The Movie,2002.3561643835617,1,3.237,0,0,1,0,0,0,0,0,0,0,1,0,0,0,0,0,0,5,10,2,0.0,35788827.12618121,103.0
Atlantis: The Lost Empire,2001.4328767123288,3,2.157,0,0,1,0,0,0,1,0,0,0,0,0,0,0,0,0,0,6,8,2,1.0,198298136.64596274,95.0
Ernest Goes to Camp,1987.3890410958904,2,1.887,0,0,1,0,0,0,0,0,1,0,0,0,0,0,0,0,0,5,22,2,0.0,7728565.14084507,92.0
Teacher's Pet: The Movie,2004.0438356164384,1,3.237,0,0,1,0,0,0,0,0,1,0,0,0,0,0,0,0,0,1,16,1,0.0,34083695.07676019,103.0
Spy Hard,1996.3945205479447,2,0.605,0,0,0,1,0,0,0,0,1,0,0,0,0,0,0,0,0,5,24,2,0.0,33574187.38049713,81.0
Snow Dogs,2002.049315068493,3,2.183,0,0,1,0,0,0,0,0,1,0,0,0,0,0,0,0,0,1,18,1,0.0,56936770.42801555,99.0
Frankenweenie,2012.7534246575344,2,11.267,0,0,1,0,0,0,0,0,1,0,0,0,0,0,0,0,0,10,5,4,0.0,49711860.9371325,87.0
Tuck Everlasting,2002.7698630136983,2,1.145,0,0,1,0,0,0,0,0,0,0,0,1,0,0,0,0,0,10,11,4,0.0,24401473.040578097,90.0
Hauru no ugoku shiro,2005.4383561643835,1,3.237,0,0,1,0,0,0,1,0,0,0,0,0,0,0,0,0,0,6,10,2,0.0,32966769.073220678,103.0
Gedo Senki (Tales from Earthsea),2010.6109589041096,1,3.237,0,0,0,1,0,0,1,0,0,0,0,0,0,0,0,0,0,8,13,3,0.0,29526406.060828406,103.0
Return to Oz,1985.468493150685,2,5.112,0,0,1,0,0,0,1,0,0,0,0,0,0,0,0,0,0,6,21,2,0.0,67996050.1858736,109.0
Disney's A Christmas Carol,2009.838356164384,3,3.237,0,0,1,0,0,0,0,0,0,0,0,1,0,0,0,0,0,11,6,4,0.0,30010720.76145373,64.0
Prefontaine,1997.0657534246573,1,0.84,0,0,0,1,0,0,0,0,0,0,0,1,0,0,0,0,0,1,24,1,0.0,14587165.109034268,106.0
Beaches,1988.9616438356163,3,3.75,0,0,0,1,0,0,0,0,0,0,0,1,0,0,0,0,0,12,21,4,0.0,49476754.015215546,123.0
101 Dalmatians,1961.0684931506848,5,3.011,1,0,0,0,0,0,0,0,1,0,0,0,0,0,0,0,0,1,25,1,0.0,39151170.568561874,82.0
The Last Song,2010.2493150684927,2,1.96,0,0,1,0,0,0,0,0,0,0,0,1,0,0,0,0,0,3,31,1,0.0,26842187.32802582,107.0
Father Hood,1993.6493150684933,1,1.796,0,0,0,1,0,0,0,0,1,0,0,0,0,0,0,0,0,8,27,3,0.0,44556470.58823529,95.0
Encino Man,1992.3890410958904,3,4.007,0,0,1,0,0,0,0,0,1,0,0,0,0,0,0,0,0,5,22,2,0.0,14601461.154668564,88.0
Sweet Home Alabama,2002.731506849315,3,2.744,0,0,0,1,0,0,0,0,1,0,0,0,0,0,0,0,0,9,27,3,0.0,48802946.081156194,108.0
Play it to the Bone,1999.9698630136984,1,4.339,0,0,0,0,1,0,0,0,1,0,0,0,0,0,0,0,0,12,24,4,0.0,42159183.67346939,124.0
The Odd Life of Timothy Green,2012.6164383561645,2,0.8,0,0,1,0,0,0,0,0,0,0,0,1,0,0,0,0,0,8,15,3,0.0,31866577.523802884,105.0
Honey I Blew Up the Kid,1992.539726027397,3,1.87,0,0,1,0,0,0,0,0,1,0,0,0,0,0,0,0,0,7,17,3,0.0,83436920.88382037,89.0
Hercules,1997.4465753424656,3,4.367,1,0,0,0,0,0,1,0,0,0,0,0,0,0,0,0,0,6,13,2,1.0,154988629.28348908,93.0
